ID,Length (m),Time (s),Calculated Gravity (m/s²),Most Likely Planet,Second Most Likely,Third Most Likely
6ec68908-1f27-4f7e-8c90-9f41da6a1cd7,1.18,0.6,6.56,Urano,Saturno,Marte
407a5042-08f4-4a8c-b185-328e221b1ac7,2.49,0.65,11.79,Neptuno,Tierra,Saturno
91697dc6-5bea-4549-998b-3a4aa837e9f2,1.28,0.58,7.61,Urano,Saturno,Tierra
395b6b40-63a6-4a68-9224-ae0908ef9d49,0.97,0.51,7.46,Urano,Saturno,Tierra
c0e1942b-9c6f-40fb-9d17-ffb75c05e5f7,1.19,0.61,6.4,Urano,Saturno,Marte
300c4d80-4307-4562-bde5-11adb8276351,1.27,0.44,13.12,Neptuno,Tierra,Saturno
c0f53312-dc91-45b8-9bde-a945b96160a0,0.92,0.52,6.8,Urano,Saturno,Tierra
f19ee996-4231-4545-a630-2219615d360d,2.25,0.51,17.3,Neptuno,Tierra,Júpiter
5ae6192a-395c-4d57-a6b2-b23f05dee307,1.16,0.68,5.02,Marte,Urano,Saturno
408baf3b-a05d-48a4-a7e3-dbca47566edd,2.41,0.49,20.07,Júpiter,Neptuno,Tierra
20012675-618b-4f44-9c25-d1b3ad7ee89b,2.19,0.46,20.7,Júpiter,Neptuno,Tierra
d44b015b-acb7-4ae7-b15d-f7c9cb429932,1.62,0.44,16.74,Neptuno,Tierra,Saturno
7e656cdb-f375-4eda-af84-1bedb57ccdb3,2.2,0.5,17.6,Neptuno,Júpiter,Tierra
e4a786bd-a3d6-4270-b28c-719a66d701d3,2.45,0.61,13.17,Neptuno,Tierra,Saturno
c2aa5f3d-6f4f-4ffa-b2c5-e4159cbc59b2,2.23,0.47,20.19,Júpiter,Neptuno,Tierra
451e52f8-9580-48c3-9cba-37948cb2d062,1.7,0.45,16.79,Neptuno,Tierra,Saturno
2139f33b-35c7-4a57-a1ac-f1588213aed6,1.35,0.52,9.99,Tierra,Saturno,Neptuno
fcaa3f57-0b67-40fe-b6a8-0f4dae0ba599,2.34,0.46,22.12,Júpiter,Neptuno,Tierra
be297247-e20a-40f1-9d09-189ac68a4db7,1.6,0.41,19.04,Júpiter,Neptuno,Tierra
06db0442-df1a-429a-861b-e79af27d7e57,1.17,0.64,5.71,Marte,Urano,Saturno
6def8448-2854-454c-a91d-33ba0a226f00,1.42,0.49,11.83,Neptuno,Tierra,Saturno
12e1419c-5b74-4108-8df4-59ad16d159fd,2.44,0.62,12.7,Neptuno,Tierra,Saturno
2f6219e5-bccb-4eed-91ad-0b5f5fbc9c4b,2.13,0.65,10.08,Tierra,Neptuno,Saturno
a89737f7-274b-46db-b22f-6a874ce3351a,2.33,0.59,13.39,Neptuno,Tierra,Saturno
a5be71e6-3860-434c-9885-c896762b5bbd,1.59,0.54,10.91,Neptuno,Tierra,Saturno
5505c723-a150-42eb-b4f6-db18cb69f3d8,1.67,0.6,9.28,Saturno,Tierra,Urano
3c3dbf58-4ead-4a38-af4b-c40561d2071e,2.1,0.69,8.82,Urano,Saturno,Tierra
5951186e-dd15-48a4-957d-e732cb91f4a6,1.8,0.49,14.99,Neptuno,Tierra,Saturno
630cc241-d9a6-4156-aed0-73a702f27aae,2.32,0.56,14.8,Neptuno,Tierra,Saturno
e80a2a9a-99ac-4802-9b42-4388262b79fd,1.56,0.5,12.48,Neptuno,Tierra,Saturno
a094d986-1948-43ec-9b25-5698076b46b4,2.48,0.7,10.12,Tierra,Neptuno,Saturno
fd1c6489-49bf-47fd-8d49-2828d0862739,2.36,0.68,10.21,Tierra,Neptuno,Saturno
ecdb3291-b61f-43bd-89b7-c0ca68749bdf,1.84,0.48,15.97,Neptuno,Tierra,Saturno
6facb8b1-537b-4134-9a72-7e3ed02f46a3,2.45,0.63,12.35,Neptuno,Tierra,Saturno
1a92a4f7-170b-4574-9106-2ed7212fbd51,1.05,0.48,9.11,Saturno,Urano,Tierra
cf9c9c37-b3a9-41e2-a18b-eb01025ffb61,2.33,0.67,10.38,Tierra,Neptuno,Saturno
138159dc-2b0f-4eed-a112-e9057c619494,2.19,0.46,20.7,Júpiter,Neptuno,Tierra
c70239ce-8f51-433b-bc43-19065343d0b4,2.2,0.55,14.55,Neptuno,Tierra,Saturno
b12695dd-b715-421a-ba42-855f262f141e,2.41,0.6,13.39,Neptuno,Tierra,Saturno
aa3ec63a-fda7-4268-8dee-0af834b01e1f,0.8,0.66,3.67,Marte,Urano,Saturno
d8ad59ca-39c0-4e09-a8b7-47e4937723ca,1.51,0.58,8.98,Saturno,Urano,Tierra
2f7e4c06-f487-4ce9-81df-05a97ebf9663,1.04,0.51,8.0,Urano,Saturno,Tierra
900af7df-8518-46dd-864e-07b762cca7b2,1.04,0.55,6.88,Urano,Saturno,Tierra
a7c098c0-c0b1-4672-ba4b-c339e919ada5,2.31,0.59,13.27,Neptuno,Tierra,Saturno
c2cbe442-b611-4cc7-b759-01567528da88,1.97,0.44,20.35,Júpiter,Neptuno,Tierra
52ad3194-bdde-4f88-a836-eaa92e330372,2.27,0.68,9.82,Tierra,Saturno,Urano
b40ee699-52f9-4666-88a7-4bcf36913e9b,2.15,0.64,10.5,Neptuno,Tierra,Saturno
0dbab68f-2c0b-4de2-a614-d8750ba62834,1.52,0.67,6.77,Urano,Saturno,Tierra
b0fa6278-00f6-4cb1-828e-41b1e187c0df,1.08,0.59,6.21,Urano,Marte,Saturno
0430f970-538a-4462-b9dd-c56569c38aed,2.24,0.54,15.36,Neptuno,Tierra,Saturno
dabcca68-f92b-4c33-b5e8-67bad36db83a,2.27,0.43,24.55,Júpiter,Neptuno,Tierra
a741590f-b95e-4aaa-9def-225de3905b9c,0.87,0.55,5.75,Marte,Urano,Saturno
ce8d3867-336d-486f-a3e2-63b6d7826bd5,1.9,0.57,11.7,Neptuno,Tierra,Saturno
1b6c71a3-4b40-469b-afa4-bbe69651eba5,1.96,0.66,9.0,Saturno,Urano,Tierra
c2c3e899-6b96-448f-b59f-d8bbf6bec824,2.37,0.65,11.22,Neptuno,Tierra,Saturno
7ec5bfc0-2ab1-46b9-aa76-dd2efde9fe1c,1.09,0.64,5.32,Marte,Urano,Saturno
3f92c4c8-82b0-40fb-8ee7-86331012a143,1.4,0.61,7.52,Urano,Saturno,Tierra
4f6165d1-e421-4590-8beb-02dfe7a04baf,2.4,0.69,10.08,Tierra,Neptuno,Saturno
8a2d1cbf-eea1-4449-aa58-3176d29c0e3a,0.85,0.57,5.23,Marte,Urano,Saturno
a7e6bb9f-f5f8-40c9-aff2-f40c3ef5adec,0.91,0.68,3.94,Marte,Urano,Saturno
8f62dba4-feda-48c2-a699-2af61eac49ab,1.97,0.45,19.46,Júpiter,Neptuno,Tierra
5745c18a-53fc-4548-a968-23d8c9914865,2.04,0.61,10.96,Neptuno,Tierra,Saturno
2d883575-5e26-474a-bf79-dcd8c5c39081,1.3,0.45,12.84,Neptuno,Tierra,Saturno
e609c2cd-241d-42d4-88ca-d97b8a4c9c4d,2.45,0.52,18.12,Júpiter,Neptuno,Tierra
3025f11b-de0d-407b-a38b-6dca2dcda950,1.87,0.59,10.74,Neptuno,Tierra,Saturno
acc4578b-aff2-401b-b41e-34a6c84376b0,2.19,0.55,14.48,Neptuno,Tierra,Saturno
056a93ed-66bc-4ad7-8a76-983f1a20e998,2.12,0.56,13.52,Neptuno,Tierra,Saturno
9a7434a7-8b51-410e-969a-eb457574615f,1.27,0.55,8.4,Urano,Saturno,Tierra
bbbbaca6-85a1-46b9-af86-a719820ebcae,1.99,0.53,14.17,Neptuno,Tierra,Saturno
5daee5f9-0a44-40ef-a139-b47c8e3b52ec,1.31,0.64,6.4,Urano,Saturno,Marte
1e8f927c-bb14-43b2-9f5e-b795bf0b442d,1.33,0.66,6.11,Marte,Urano,Saturno
7d3014b0-2c53-4893-933e-0c96dd5b5a5d,1.13,0.46,10.68,Neptuno,Tierra,Saturno
53866bd0-2f51-42ac-a6ba-ccc3a218a659,1.77,0.69,7.44,Urano,Saturno,Tierra
e76cfd03-6882-4b09-bc54-b7c2596b8194,2.24,0.55,14.81,Neptuno,Tierra,Saturno
17991cd4-3283-4273-b659-46b7f16ff03f,2.35,0.54,16.12,Neptuno,Tierra,Saturno
668b07b7-f113-48dc-afb7-af207ee4334e,1.69,0.56,10.78,Neptuno,Tierra,Saturno
cf20a281-2504-493e-8078-73ceaef880ba,2.47,0.42,28.0,Júpiter,Neptuno,Tierra
88d14cf3-3090-4873-b1ce-836e4e84f58c,0.99,0.48,8.59,Urano,Saturno,Tierra
f8f2239b-81de-4527-93cf-93470a6d1003,2.18,0.45,21.53,Júpiter,Neptuno,Tierra
18ef8950-1f72-4fb6-b178-94acebf7b4a1,2.31,0.5,18.48,Júpiter,Neptuno,Tierra
717d84ba-e424-47c9-8565-dc9396240f24,2.21,0.56,14.09,Neptuno,Tierra,Saturno
9ca570c1-3b96-4983-a195-6c8fca895d0a,1.45,0.52,10.72,Neptuno,Tierra,Saturno
dcd12cdc-d8fc-4020-892d-16de57378d5f,1.4,0.66,6.43,Urano,Saturno,Marte
146b8cf7-3608-43af-9773-fd237a574abd,1.69,0.6,9.39,Saturno,Tierra,Urano
fd0ee5dc-089e-4225-b6cf-d4ff750d307a,1.84,0.68,7.96,Urano,Saturno,Tierra
7c3318db-2405-4c2c-9ccf-d7b7ae3c6e90,1.51,0.45,14.91,Neptuno,Tierra,Saturno
fd13dfda-121f-4340-9a31-34e615fe8b63,2.31,0.48,20.05,Júpiter,Neptuno,Tierra
3325340b-6975-4215-b74d-301542a9b805,1.17,0.52,8.65,Urano,Saturno,Tierra
ea3c0a75-b7d6-4bd9-88dd-cfb04ba43873,1.47,0.49,12.24,Neptuno,Tierra,Saturno
78e6cb92-9d57-4b2b-afaf-bf09ac756e03,1.94,0.43,20.98,Júpiter,Neptuno,Tierra
29b0bb6e-0366-4233-8f2e-1233d87e24e5,0.9,0.45,8.89,Saturno,Urano,Tierra
c5364892-8b58-4793-b19e-406a06cd0594,1.76,0.49,14.66,Neptuno,Tierra,Saturno
a02ab9fb-842c-468d-8f08-65b700b7e85c,2.34,0.64,11.43,Neptuno,Tierra,Saturno
23c6527d-50ad-4a37-8f0a-fe9f3006e62f,0.96,0.41,11.42,Neptuno,Tierra,Saturno
abbf5ef6-f967-40eb-a8ad-2a28a3e931f4,1.59,0.66,7.3,Urano,Saturno,Tierra
51f60ae9-d8e2-41fe-9d25-a4701114a9b4,1.67,0.59,9.59,Tierra,Saturno,Urano
783a22b7-0e81-401e-a322-76dfb0ebe13c,1.67,0.64,8.15,Urano,Saturno,Tierra
410c7eee-0660-432a-9893-7d2d9abc2e12,1.99,0.65,9.42,Tierra,Saturno,Urano
1d868cc4-4731-48fd-a176-84636e3da8c2,1.99,0.45,19.65,Júpiter,Neptuno,Tierra
d1b6b1b1-7728-4525-bbac-a1963cb0d574,1.64,0.52,12.13,Neptuno,Tierra,Saturno
304326cd-5408-4f14-a0d8-ef6feb4fcd5e,1.23,0.69,5.17,Marte,Urano,Saturno
ba339e67-a9b1-4c9f-bc06-52d8e6138182,1.19,0.67,5.3,Marte,Urano,Saturno
1b3526e4-eb01-4dff-8d04-2ddb1996716c,1.05,0.67,4.68,Marte,Urano,Saturno
5596ebbb-d0c1-4832-9fa0-0dcede5e5e3e,1.14,0.53,8.12,Urano,Saturno,Tierra
162e66fa-508a-4682-9ab8-ec1fcc7eff30,0.81,0.44,8.37,Urano,Saturno,Tierra
5cda73b1-ddd6-4cc7-8580-a7ce9fdde4a6,1.54,0.59,8.85,Saturno,Urano,Tierra
62b787e7-0cc6-4f7b-8dce-6859aeed0162,1.39,0.58,8.26,Urano,Saturno,Tierra
227cfd12-6a91-4d57-9c21-9ccbbd7252fc,2.46,0.49,20.49,Júpiter,Neptuno,Tierra
603444c5-e32f-40ef-b209-7c818b8f93e8,1.77,0.41,21.06,Júpiter,Neptuno,Tierra
58e2c8a0-7145-4850-93e1-b12f42a57a1f,1.26,0.55,8.33,Urano,Saturno,Tierra
4c06afc4-a699-4d7e-b2f1-f7eb21ec32b8,2.17,0.61,11.66,Neptuno,Tierra,Saturno
34e7af34-ff2c-4829-9245-79ce1d366268,2.19,0.47,19.83,Júpiter,Neptuno,Tierra
33261aa0-158e-4f7f-89bb-43d09ba53251,1.81,0.46,17.11,Neptuno,Tierra,Júpiter
7a2f3b5e-fc95-4430-9594-429245938add,2.23,0.67,9.94,Tierra,Saturno,Neptuno
94281360-9c5f-470e-8c04-6de2f4a15881,1.92,0.41,22.84,Júpiter,Neptuno,Tierra
ac8c081e-3d44-4d09-9120-42fe17b023b7,1.72,0.43,18.6,Júpiter,Neptuno,Tierra
87fde559-b023-41aa-bba3-0af30ae509da,2.03,0.6,11.28,Neptuno,Tierra,Saturno
4059a1d5-8dc6-4661-9ac9-a6dd6e8146d9,2.48,0.53,17.66,Neptuno,Júpiter,Tierra
a12ae0af-17ac-42c3-9d8c-dd3f32b21dff,1.71,0.48,14.84,Neptuno,Tierra,Saturno
e2757e7b-6191-41bd-8d75-488643f32fb0,0.86,0.47,7.79,Urano,Saturno,Tierra
b393fce3-bbc2-478e-a393-3fcecff8f5b9,1.2,0.6,6.67,Urano,Saturno,Marte
fa9d6701-4975-4c51-b438-e554dad81d94,1.42,0.66,6.52,Urano,Saturno,Marte
b6d35a70-d62f-4446-8f40-6f55ce5be8d9,2.28,0.66,10.47,Neptuno,Tierra,Saturno
3da77ea8-0eab-4177-8b85-aa850b6967cf,2.07,0.6,11.5,Neptuno,Tierra,Saturno
c46a441c-6598-4ea0-bc82-caf7f597c829,1.22,0.43,13.2,Neptuno,Tierra,Saturno
0f3a2929-3398-4bf8-8c4a-be59ac825f3c,2.19,0.61,11.77,Neptuno,Tierra,Saturno
6deebde9-5149-4763-95ac-6a07fe1454c5,2.39,0.67,10.65,Neptuno,Tierra,Saturno
8b7f5b50-2f35-4059-9fd7-dc59bab3761c,2.44,0.51,18.76,Júpiter,Neptuno,Tierra
6eb099e5-0650-4b61-bb7c-fb551eac7507,1.74,0.49,14.49,Neptuno,Tierra,Saturno
cf9caebf-8e66-4316-8aed-f283d54b204e,0.82,0.6,4.56,Marte,Urano,Saturno
e47e0bb9-8542-40ea-8fe6-2ffa708fefc6,1.89,0.42,21.43,Júpiter,Neptuno,Tierra
59a88e6a-a0af-42f0-a554-121830dc61b0,1.46,0.42,16.55,Neptuno,Tierra,Saturno
48c23089-7bb3-4558-8c9f-864a6dcb74f8,1.24,0.56,7.91,Urano,Saturno,Tierra
8b5b2390-81b3-4b4a-82de-c06eea7d3b07,2.5,0.69,10.5,Neptuno,Tierra,Saturno
e832064e-dd7b-43fb-bbdf-0bf1f65d829f,2.29,0.57,14.1,Neptuno,Tierra,Saturno
433efb6b-d308-4e48-8b74-53b076130af4,0.84,0.46,7.94,Urano,Saturno,Tierra
9a6c48e8-a161-44b5-9280-0db29617fb7a,1.16,0.5,9.28,Saturno,Tierra,Urano
c657a861-eccc-4002-b1c1-332d3a7475d9,2.07,0.62,10.77,Neptuno,Tierra,Saturno
99d0ef39-5551-4c00-9d43-b6e780b55aae,1.04,0.44,10.74,Neptuno,Tierra,Saturno
cca78d3f-6b82-4d9e-b923-6015fad0c104,2.12,0.46,20.04,Júpiter,Neptuno,Tierra
741c1f18-ff0d-4812-95c9-ae2fbbfdcc7a,1.84,0.65,8.71,Urano,Saturno,Tierra
c4ba32f0-c737-4a89-b293-e4b3f9d023d4,0.98,0.41,11.66,Neptuno,Tierra,Saturno
7db934bd-190f-4716-97b0-f95331a6d96b,1.43,0.47,12.95,Neptuno,Tierra,Saturno
34d4e64a-8289-4c48-a7dd-634402f52d6f,2.29,0.43,24.77,Júpiter,Neptuno,Tierra
ea3f94dd-455c-4730-bd33-c61c92ca11d0,1.95,0.54,13.37,Neptuno,Tierra,Saturno
652160dc-b64c-4757-9b71-91315453cdb1,1.85,0.66,8.49,Urano,Saturno,Tierra
37b39e23-b1ac-4655-a2db-f2a8edba57a0,1.5,0.64,7.32,Urano,Saturno,Tierra
2d570ebc-8af6-4574-a231-db14e7f658bc,1.92,0.49,15.99,Neptuno,Tierra,Saturno
42728cac-a9fc-4920-abe7-028b06bbbfe9,1.16,0.63,5.85,Marte,Urano,Saturno
36fe8ade-d4ed-45b3-b6ab-6bf8fdfee87b,1.2,0.49,10.0,Tierra,Saturno,Neptuno
9ef43182-4467-43af-9a58-92a757108674,2.22,0.41,26.41,Júpiter,Neptuno,Tierra
5ccdcde9-c2ba-421d-9ba3-1ebf06591548,2.42,0.44,25.0,Júpiter,Neptuno,Tierra
249ce7ed-790a-4bd7-9e3c-fd9c828c7e31,1.7,0.65,8.05,Urano,Saturno,Tierra
428d89cc-d803-454a-9b91-bf34beaa2e22,2.22,0.55,14.68,Neptuno,Tierra,Saturno
47869785-a7ef-4007-aeed-87b6b32af701,2.19,0.47,19.83,Júpiter,Neptuno,Tierra
39812517-876e-4953-99f0-d9ed48b168e7,1.57,0.59,9.02,Saturno,Urano,Tierra
484d89b7-1ec6-4238-9ae3-92851adfc6b8,1.54,0.65,7.29,Urano,Saturno,Tierra
9ad5228c-e77c-4365-9e7c-ed91d7ee815c,1.7,0.69,7.14,Urano,Saturno,Tierra
650ffd73-fa3f-42e3-943f-1bac62de2e33,1.4,0.6,7.78,Urano,Saturno,Tierra
cd8e4b78-55da-471d-916a-5a657e0c6c59,0.88,0.55,5.82,Marte,Urano,Saturno
5164ff93-af9a-43f1-a55e-56a557e5ef26,2.35,0.6,13.06,Neptuno,Tierra,Saturno
a1dca513-6950-4924-80c1-0081b6e2b82a,2.05,0.41,24.39,Júpiter,Neptuno,Tierra
4b05bbb5-8af1-4e6c-8e0c-f936b22e4c35,1.38,0.57,8.49,Urano,Saturno,Tierra
86b6e47c-37ec-4409-88ee-5cd53d66c9b0,1.03,0.51,7.92,Urano,Saturno,Tierra
07b6cf62-ade9-4dfe-bfa0-8cd200296789,0.94,0.57,5.79,Marte,Urano,Saturno
2f9b71b2-2ec7-4cb5-88d2-9bc01d9377b7,2.27,0.62,11.81,Neptuno,Tierra,Saturno
9908e4b9-4dfd-479d-bb51-58c6e128bf09,0.8,0.53,5.7,Marte,Urano,Saturno
d38118b3-77bb-4b4f-a8b5-83d9af87bdb0,1.66,0.4,20.75,Júpiter,Neptuno,Tierra
70059d0a-5212-4ae1-8ddf-dc56cf8e77ba,1.89,0.68,8.17,Urano,Saturno,Tierra
fe654b67-b9ea-42d9-80ee-5e25e9fb091c,2.19,0.55,14.48,Neptuno,Tierra,Saturno
c1017dce-c81a-4091-9baa-97ab0a627574,1.23,0.51,9.46,Tierra,Saturno,Urano
23c82849-9052-4e61-9742-0e910b3a85b9,2.42,0.57,14.9,Neptuno,Tierra,Saturno
dd16dfeb-0d37-408a-a0f1-8d3e97904b0b,1.68,0.5,13.44,Neptuno,Tierra,Saturno
164b43a1-08aa-4ebb-ac61-76697c96138d,2.38,0.6,13.22,Neptuno,Tierra,Saturno
91aca45c-4de1-4854-a72d-b422ee7b701d,1.01,0.69,4.24,Marte,Urano,Saturno
ae48421a-c8fa-4521-95ac-15ed2d343f1f,2.16,0.48,18.75,Júpiter,Neptuno,Tierra
740d9069-1aeb-464c-ba12-a9f852434bbc,1.53,0.65,7.24,Urano,Saturno,Tierra
c51d36b7-e66d-4747-93fa-7e63cbd0c9ff,1.81,0.67,8.06,Urano,Saturno,Tierra
4c7d8688-7ab9-4356-985a-487c2076cf94,1.51,0.44,15.6,Neptuno,Tierra,Saturno
dc26098e-de66-4a34-95bf-a62f44c6cfb2,2.03,0.56,12.95,Neptuno,Tierra,Saturno
8cc4a335-105d-4c9b-b98c-5f14f90fb9f5,1.8,0.58,10.7,Neptuno,Tierra,Saturno
e0a91b03-b790-4953-bf57-a88ca358bf53,1.43,0.54,9.81,Tierra,Saturno,Urano
83acb80a-68c6-4874-8227-a2d74038076e,1.87,0.65,8.85,Saturno,Urano,Tierra
f61c5cbe-9108-494d-ad46-fa995b3b91d4,1.07,0.4,13.37,Neptuno,Tierra,Saturno
23eb2ae4-7eb3-4be2-9784-3d63ff6609f5,0.85,0.69,3.57,Marte,Urano,Saturno
41b02a0e-739e-47ab-99a4-cbe8a7d65f9a,0.95,0.48,8.25,Urano,Saturno,Tierra
b848907b-f686-40e8-ad9f-94b786e4a0a0,1.55,0.55,10.25,Tierra,Neptuno,Saturno
2db6568b-379b-4327-b6c6-5f0b3f0ceafd,1.88,0.63,9.47,Tierra,Saturno,Urano
75e336ef-0a26-479a-86f9-55b10056ebcb,2.09,0.47,18.92,Júpiter,Neptuno,Tierra
940eba96-9b70-4148-afce-5a3244d37dc1,1.54,0.68,6.66,Urano,Saturno,Marte
fd2ad570-7a79-4f78-be44-8c2558aaf638,1.98,0.66,9.09,Saturno,Urano,Tierra
16a76356-bfe2-4052-842a-c66221655167,2.16,0.42,24.49,Júpiter,Neptuno,Tierra
4b98e262-4676-4cee-9856-9f0811ca80b6,2.28,0.48,19.79,Júpiter,Neptuno,Tierra
a15b4dd1-c7b9-4f53-8d27-ab5a22f35a6c,1.94,0.56,12.37,Neptuno,Tierra,Saturno
4626db1a-a253-48aa-a6ae-e5fcaa2309f2,1.95,0.47,17.66,Neptuno,Júpiter,Tierra
c4b628d6-78cf-492d-8138-b7dadf5eca61,2.24,0.68,9.69,Tierra,Saturno,Urano
3f3158af-ba5c-4a78-be4e-5491985d63a7,1.59,0.47,14.4,Neptuno,Tierra,Saturno
4e1be4af-6580-499a-8369-42a617db61c4,1.16,0.62,6.04,Marte,Urano,Saturno
fb6a78e9-a322-47b8-a4cf-157a78a21164,1.4,0.41,16.66,Neptuno,Tierra,Saturno
6cb6f0d7-2ee2-41ba-a62a-6e7090477ebb,1.99,0.57,12.25,Neptuno,Tierra,Saturno
19248ad4-cd3d-4e48-9b7e-1f1d6fd42a4f,1.13,0.68,4.89,Marte,Urano,Saturno
dad9cf05-d3a3-40ac-bbd1-f065fe3e62c4,2.12,0.41,25.22,Júpiter,Neptuno,Tierra
c15989ff-dae8-4e63-9e0c-b82bdfc1556e,0.8,0.65,3.79,Marte,Urano,Saturno
9cf297a2-43ee-4184-8bae-5eec4242233f,0.98,0.57,6.03,Marte,Urano,Saturno
8d488552-bef9-4cf4-afb1-262a9ea2b039,2.48,0.57,15.27,Neptuno,Tierra,Saturno
d84a3f26-2cca-4375-b20e-32d5f177bd26,1.5,0.69,6.3,Urano,Marte,Saturno
d7cccbff-2164-45d2-9153-4ce989ea8401,1.87,0.48,16.23,Neptuno,Tierra,Saturno
3e171901-22be-4676-a6fa-197f9ff99d95,2.3,0.59,13.21,Neptuno,Tierra,Saturno
361d4d04-45b0-4f54-8421-dce100815450,1.75,0.63,8.82,Urano,Saturno,Tierra
2d2d30c6-b7a9-41d5-99ea-d10a1b08785f,1.57,0.59,9.02,Saturno,Urano,Tierra
db30817d-99d9-4e04-808d-9995154cf624,2.23,0.43,24.12,Júpiter,Neptuno,Tierra
5ade9a56-a9d0-4068-a190-f2d2329562f8,1.69,0.48,14.67,Neptuno,Tierra,Saturno
c5d12cd1-6e6c-4933-a2c4-909b1c5342c0,1.35,0.56,8.61,Urano,Saturno,Tierra
5b186f26-20fd-48df-b0c0-c3f5a5871c0e,1.41,0.42,15.99,Neptuno,Tierra,Saturno
ae98f84a-e953-493e-87a1-b9ab7cfd4d88,1.59,0.6,8.83,Urano,Saturno,Tierra
dddfb6e4-558a-44a8-afac-dc9c4ed7dba7,2.21,0.45,21.83,Júpiter,Neptuno,Tierra
28276d96-4c80-4a05-aaa5-a3312622b21f,2.22,0.61,11.93,Neptuno,Tierra,Saturno
8e18efe5-32a2-498f-9db6-cf280e0fd579,1.47,0.52,10.87,Neptuno,Tierra,Saturno
8ac0fda8-fc47-48be-91a3-1fb9239b5d1d,1.31,0.41,15.59,Neptuno,Tierra,Saturno
72f02384-086a-4709-823e-e83fd454270d,1.14,0.59,6.55,Urano,Saturno,Marte
32a8e179-d84d-4c82-9649-bed5e8b39e56,2.39,0.61,12.85,Neptuno,Tierra,Saturno
952ab358-302d-4510-83cb-8245cb921807,1.69,0.55,11.17,Neptuno,Tierra,Saturno
55c0acb2-9374-4f5b-a1ad-ead3ffa41685,0.82,0.55,5.42,Marte,Urano,Saturno
ad3bda49-fce1-4d17-a929-b3c58f59ef3c,1.62,0.59,9.31,Saturno,Tierra,Urano
fe4b9bfa-81f4-4d0a-9f7f-86d66ee0d830,0.81,0.51,6.23,Urano,Marte,Saturno
a81a201a-2f81-426b-b5c2-3ae388b2c2dd,2.26,0.62,11.76,Neptuno,Tierra,Saturno
f49a49c6-cbe7-4928-8a37-cd556c3ee8f9,2.22,0.68,9.6,Tierra,Saturno,Urano
3ce60fa8-47a6-4499-9075-e3c01ba3a7c5,1.57,0.6,8.72,Urano,Saturno,Tierra
12f4d035-b08d-4f40-b5dc-d7be4f21f636,0.82,0.54,5.62,Marte,Urano,Saturno
8c9ad0bc-b2ac-4269-bc41-714ad094e08c,1.08,0.45,10.67,Neptuno,Tierra,Saturno
516e5463-425e-43f4-ac82-415106d06c5c,1.85,0.4,23.12,Júpiter,Neptuno,Tierra
056b218a-e17e-4222-944b-dd3be87764d2,1.83,0.57,11.27,Neptuno,Tierra,Saturno
15bfd55c-dc7f-433a-aa9a-bd0f09bc5701,2.07,0.67,9.22,Saturno,Urano,Tierra
0cd25573-6516-428c-a851-90400fd54b0e,1.46,0.64,7.13,Urano,Saturno,Tierra
0a22172f-1c87-47c2-bf81-5addd580d127,1.95,0.68,8.43,Urano,Saturno,Tierra
ee682c46-c767-4e72-abc2-7bbd192fc591,2.07,0.55,13.69,Neptuno,Tierra,Saturno
f061647a-2e93-4011-b04e-b6dedad0eed8,1.8,0.69,7.56,Urano,Saturno,Tierra
98155949-9429-43b3-a277-9a2237b11b27,0.84,0.52,6.21,Urano,Marte,Saturno
031c60fa-1c64-448d-87bb-939686e431ea,1.5,0.47,13.58,Neptuno,Tierra,Saturno
caab4f6c-e112-4d13-b9d1-0a67b14167b1,2.34,0.64,11.43,Neptuno,Tierra,Saturno
e2a29c82-75db-4189-9487-30afb99a7a08,1.8,0.68,7.79,Urano,Saturno,Tierra
3c8e3b42-e717-4df0-a02f-02da0c6ae2da,1.44,0.45,14.22,Neptuno,Tierra,Saturno
4164999e-ce6b-497e-9d60-8e375df46b49,0.92,0.4,11.5,Neptuno,Tierra,Saturno
81a0f49b-73a0-4e60-9d16-4628acddaecd,1.53,0.42,17.35,Neptuno,Júpiter,Tierra
caaeeb33-3243-40c2-8c6e-82850cfbf687,1.16,0.44,11.98,Neptuno,Tierra,Saturno
a418700e-c3d7-4c3e-8152-def8b8617daf,2.2,0.56,14.03,Neptuno,Tierra,Saturno
ca957964-eabe-4d3b-9633-23ed4072c868,1.78,0.59,10.23,Tierra,Neptuno,Saturno
f590ac22-44d1-4768-85e4-a37d5300a832,1.3,0.64,6.35,Urano,Marte,Saturno
ecad1631-fe3e-4dc8-b61a-bd26233c1494,2.32,0.67,10.34,Tierra,Neptuno,Saturno
43448f06-7347-455a-8588-db56c37c9a2c,1.91,0.64,9.33,Saturno,Tierra,Urano
ec38c785-d497-4ba7-834b-88ffa8b6e7b6,0.97,0.62,5.05,Marte,Urano,Saturno
24d85383-10fd-41af-b2eb-aee71897bae7,0.97,0.48,8.42,Urano,Saturno,Tierra
38bb97c9-5a92-480a-a87d-54170966af06,2.19,0.49,18.24,Júpiter,Neptuno,Tierra
fe6b2607-ac1b-473a-bd38-f678ae85b567,1.95,0.52,14.42,Neptuno,Tierra,Saturno
8453823d-88cc-4cc1-bf3e-07ed4635386e,0.91,0.65,4.31,Marte,Urano,Saturno
23ee3d9e-97b3-4178-be6a-b814de26013e,2.38,0.56,15.18,Neptuno,Tierra,Saturno
69a12318-3638-465a-b716-6205936244ce,2.12,0.41,25.22,Júpiter,Neptuno,Tierra
76eace7c-55fd-4957-87a1-eb561a5490b2,2.2,0.66,10.1,Tierra,Neptuno,Saturno
cd542d5f-a3c4-4c5f-adf1-b42e6e25e6d5,1.78,0.55,11.77,Neptuno,Tierra,Saturno
1b01aff1-6a5d-49d1-a9e2-ac2082004ef2,0.81,0.49,6.75,Urano,Saturno,Marte
78681c63-5efe-4f90-8dac-2e0d157bfd08,1.34,0.42,15.19,Neptuno,Tierra,Saturno
2327089e-c74b-4118-9843-d14a26b7a3f5,1.0,0.57,6.16,Marte,Urano,Saturno
146e20f9-bc64-4c41-bf4b-6130d533660f,1.89,0.46,17.86,Neptuno,Júpiter,Tierra
4859c571-8474-41de-a448-fba0529e2472,1.36,0.48,11.81,Neptuno,Tierra,Saturno
69b4d6c6-c127-48a9-af15-754773294983,0.81,0.59,4.65,Marte,Urano,Saturno
0b9471d9-f47d-4399-ac22-e7701f0b8049,1.46,0.46,13.8,Neptuno,Tierra,Saturno
5ec16a5c-6732-482a-896e-6541d762bf8a,1.85,0.65,8.76,Urano,Saturno,Tierra
93ec39b3-ddf2-408b-bfb0-11a6de7f800f,0.89,0.4,11.12,Neptuno,Tierra,Saturno
72830da1-3542-478c-9207-a3dab437cfad,1.9,0.69,7.98,Urano,Saturno,Tierra
34e7c2c2-8d63-4957-b839-046c6f73f5cd,1.74,0.68,7.53,Urano,Saturno,Tierra
8aee82a8-924c-4ec6-a47e-f5b3e8272734,1.34,0.64,6.54,Urano,Saturno,Marte
0f68e3f0-ec5c-416c-9342-c7dfbdcb4ca3,1.8,0.51,13.84,Neptuno,Tierra,Saturno
6b6c73b0-4f68-499a-b849-d989a936a6be,1.64,0.41,19.51,Júpiter,Neptuno,Tierra
81155f9f-d6d4-4f42-9148-c6b694b04d43,1.08,0.59,6.21,Urano,Marte,Saturno
74e18665-6d89-4f7a-8b6c-446876d06896,1.94,0.45,19.16,Júpiter,Neptuno,Tierra
79c95e89-649b-4ccd-9c26-95436c6fe1e7,1.37,0.7,5.59,Marte,Urano,Saturno
3c9df64c-4347-4363-a364-0cf59c3f04aa,1.59,0.69,6.68,Urano,Saturno,Marte
bacb4d7f-6d8d-43e3-a9fc-16e84cbc258c,2.16,0.65,10.22,Tierra,Neptuno,Saturno
521dea21-f8e2-42c8-b1ab-84d7fb588363,0.82,0.63,4.13,Marte,Urano,Saturno
072b6686-aca3-4a4a-8384-67493ed3cd77,2.25,0.58,13.38,Neptuno,Tierra,Saturno
a13cd4c9-9940-491d-8ce3-fe3d7bb5b849,1.37,0.65,6.49,Urano,Saturno,Marte
f9356e55-d6a2-483a-bb5d-edaf35375f68,2.41,0.5,19.28,Júpiter,Neptuno,Tierra
76c16e1e-d731-4819-b519-b9157c90a348,1.23,0.49,10.25,Tierra,Neptuno,Saturno
a0434c22-0cd6-4ad2-be7a-448502c89ef5,2.01,0.69,8.44,Urano,Saturno,Tierra
2896f51c-7811-4ab8-8181-6d2a7d8be2fa,0.81,0.46,7.66,Urano,Saturno,Tierra
8f4a57c9-a483-424d-8de0-d4d56c01f89c,1.78,0.58,10.58,Neptuno,Tierra,Saturno
20cd12d8-f554-4e1c-91f1-d6e31dff8aad,0.95,0.52,7.03,Urano,Saturno,Tierra
1ee75b7a-8607-48f0-bb78-015959acedb5,1.11,0.48,9.64,Tierra,Saturno,Urano
dcb6868f-1639-4d0b-b720-b76f882aa49c,1.0,0.6,5.56,Marte,Urano,Saturno
0dd1d40b-104c-404a-9bc2-e38f49fe24b3,2.38,0.58,14.15,Neptuno,Tierra,Saturno
040532fe-819e-4dc8-afad-16793ce0b326,0.93,0.65,4.4,Marte,Urano,Saturno
a76ccdf7-c33e-49ba-a379-4df852321047,1.75,0.48,15.19,Neptuno,Tierra,Saturno
e5f18db2-1b87-4f8d-8bc4-2a6c7b5beadb,1.86,0.52,13.76,Neptuno,Tierra,Saturno
870e5fc0-c34a-4c03-8a4c-1db78426ac63,1.45,0.58,8.62,Urano,Saturno,Tierra
3e1dd945-8249-4f71-818e-4770f884eccc,2.2,0.55,14.55,Neptuno,Tierra,Saturno
49317ce6-173f-4a30-8268-45314dad237d,1.85,0.64,9.03,Saturno,Urano,Tierra
ded7d042-8e67-4fd9-b3a8-ce15f5957cd1,2.14,0.58,12.72,Neptuno,Tierra,Saturno
2749c213-079d-44eb-9a4c-f387bc29c34f,0.86,0.46,8.13,Urano,Saturno,Tierra
80676b0d-89a3-4269-beb2-833af93fba48,2.32,0.43,25.09,Júpiter,Neptuno,Tierra
ede729fb-00f6-44cc-8b45-96c0fef0074a,1.38,0.53,9.83,Tierra,Saturno,Urano
77490d79-cece-41a0-8657-31eee0a624a5,2.19,0.44,22.62,Júpiter,Neptuno,Tierra
485f4647-5111-4416-9dc1-6a09f848c073,1.92,0.7,7.84,Urano,Saturno,Tierra
12019c14-4008-412d-bac9-1faf5ac01093,1.78,0.6,9.89,Tierra,Saturno,Neptuno
55ae477a-0c09-473e-abc2-5389b2b07a48,1.66,0.67,7.4,Urano,Saturno,Tierra
02e5e329-4707-429f-b242-66a3c4d93b8b,2.15,0.43,23.26,Júpiter,Neptuno,Tierra
a077727f-4a62-4472-8060-ca1bfd93386d,2.09,0.48,18.14,Júpiter,Neptuno,Tierra
24e77b4d-de63-4e90-82b9-fdfef290a8c8,1.76,0.5,14.08,Neptuno,Tierra,Saturno
1bb7b1e6-2387-48ce-b13e-2754e94d1395,2.17,0.59,12.47,Neptuno,Tierra,Saturno
9f1c3f15-f5dc-4027-88e5-3023ef93c070,2.41,0.54,16.53,Neptuno,Tierra,Saturno
61556eff-768e-4133-8f43-0c5b14abc3ca,2.07,0.53,14.74,Neptuno,Tierra,Saturno
de8066af-9601-462f-a2cc-a83865eaca43,2.49,0.49,20.74,Júpiter,Neptuno,Tierra
15a0f218-39c4-4523-b65e-d2686cd0109e,0.99,0.46,9.36,Saturno,Tierra,Urano
0dc3e5bc-5f4c-432d-84e7-1a6006ae597b,1.59,0.62,8.27,Urano,Saturno,Tierra
268aa5c7-74d7-4a19-a85f-ed5711531713,2.14,0.48,18.58,Júpiter,Neptuno,Tierra
4dd8760e-1fd9-4a28-97d6-73a2e5cb8114,1.83,0.42,20.75,Júpiter,Neptuno,Tierra
bca5a9f4-305d-4ad0-94f9-b865971c7d03,1.69,0.63,8.52,Urano,Saturno,Tierra
aedefda8-fc6e-4606-bc47-ed9cd3340ca5,2.08,0.4,26.0,Júpiter,Neptuno,Tierra
0fda6138-50ad-49e0-a8c5-8aefff774bea,2.04,0.47,18.47,Júpiter,Neptuno,Tierra
6b87e7df-9815-4aa1-b3ba-6b0547c54bf8,2.22,0.63,11.19,Neptuno,Tierra,Saturno
b8f2ede8-f8a9-4d60-bf5b-91be3848ab4e,1.25,0.5,10.0,Tierra,Saturno,Neptuno
b914d7a5-f0ce-489a-9a99-cc27b0fccb90,2.21,0.54,15.16,Neptuno,Tierra,Saturno
3b786f7d-5779-4416-816a-7f719c74b52c,1.08,0.48,9.38,Saturno,Tierra,Urano
b7828d93-0c4c-4d92-85eb-5d0d4349b66a,2.34,0.62,12.17,Neptuno,Tierra,Saturno
dfab435f-3057-4310-8e47-1167a92be4aa,1.29,0.55,8.53,Urano,Saturno,Tierra
c895c4fd-7509-4506-b948-1fd7cb62660b,1.72,0.42,19.5,Júpiter,Neptuno,Tierra
1febab1d-dbdc-4009-a075-3c50dda7aabd,1.64,0.54,11.25,Neptuno,Tierra,Saturno
3dd8f979-7404-45bd-b9ab-b0ee27c3ce3b,0.84,0.54,5.76,Marte,Urano,Saturno
8ae7ba96-eef9-4279-ab75-a5bb42d274b1,1.52,0.47,13.76,Neptuno,Tierra,Saturno
84c78396-6a20-4775-9b0e-cc9b09c59636,1.08,0.48,9.38,Saturno,Tierra,Urano
9477a873-e68d-4f11-ac04-b60015e0dd52,2.31,0.59,13.27,Neptuno,Tierra,Saturno
a10653ca-f429-4a42-800f-ae622543a049,2.1,0.49,17.49,Neptuno,Júpiter,Tierra
65d5051f-2370-420c-b229-26dd4854b02c,0.92,0.63,4.64,Marte,Urano,Saturno
ad2ac0e3-103a-4f89-ad13-db54028a9456,1.4,0.68,6.06,Marte,Urano,Saturno
9280e4ce-1fb0-4436-9be1-326d782e1229,1.26,0.4,15.75,Neptuno,Tierra,Saturno
cbe9e0ce-452f-48c4-b4ff-f743c7033ae2,1.67,0.61,8.98,Saturno,Urano,Tierra
0b16bb14-5c7a-4272-b052-7f7214dc2c2a,1.86,0.52,13.76,Neptuno,Tierra,Saturno
348f744c-6eff-48b8-9909-472f7e90f03e,1.72,0.51,13.23,Neptuno,Tierra,Saturno
fb2b3f5f-42e7-40a2-96cd-0565edf47194,1.67,0.45,16.49,Neptuno,Tierra,Saturno
b0e9175b-dc7e-467e-bd58-7aa6deab087d,2.15,0.43,23.26,Júpiter,Neptuno,Tierra
9f657ec1-4d54-496e-b1e6-36ebf332987b,1.31,0.41,15.59,Neptuno,Tierra,Saturno
2aa9f5c5-d6ec-404f-b046-0e514dc24caa,1.61,0.68,6.96,Urano,Saturno,Tierra
d94ff103-f393-4325-8ed2-1ee75fd68976,1.37,0.53,9.75,Tierra,Saturno,Urano
bc049dcc-fbc3-48d6-ba72-2315e9b17629,1.28,0.62,6.66,Urano,Saturno,Marte
d4df1bcf-9efd-4a27-93b4-85cd3e76d0df,1.15,0.56,7.33,Urano,Saturno,Tierra
3ffc2253-0ff9-4f36-8c47-6160934db893,1.61,0.55,10.64,Neptuno,Tierra,Saturno
f95f7c12-9aa1-48c9-b5b4-a3228de82c34,2.48,0.63,12.5,Neptuno,Tierra,Saturno
cf0d6ec2-532d-4f60-8f21-76e24bfdc35a,2.03,0.59,11.66,Neptuno,Tierra,Saturno
d44e42ba-4bab-4faa-840a-0eb1360033a6,2.21,0.57,13.6,Neptuno,Tierra,Saturno
368e64c6-3036-442a-b074-f258287a83bf,2.12,0.66,9.73,Tierra,Saturno,Urano
b0f36c6b-b132-4ec8-9ac3-d88b07a9f9be,1.66,0.63,8.36,Urano,Saturno,Tierra
157311a3-585c-4cd4-b511-1943e7f44d32,1.29,0.64,6.3,Urano,Marte,Saturno
b6a7d367-5d37-44fb-ac6c-a7be81909cf4,1.97,0.6,10.94,Neptuno,Tierra,Saturno
8e3309e8-d076-4c8f-b8c7-ff305f9d274d,2.16,0.55,14.28,Neptuno,Tierra,Saturno
966c4a31-b8e5-4f53-976c-302f0b96896d,0.91,0.49,7.58,Urano,Saturno,Tierra
da69e201-9c38-4316-8f15-8038ab26a4f0,2.42,0.6,13.44,Neptuno,Tierra,Saturno
636e5470-13f2-4695-9728-704a34dc0b95,0.9,0.43,9.73,Tierra,Saturno,Urano
667b5b77-0ce5-47fc-8a3b-a93c3a970b9c,1.89,0.55,12.5,Neptuno,Tierra,Saturno
88cd489d-e373-486e-abb6-3bdc4aa9c9d9,1.21,0.58,7.19,Urano,Saturno,Tierra
689f995a-46f9-417a-ae5b-03e8cfdd415a,2.4,0.61,12.9,Neptuno,Tierra,Saturno
4d654a35-55a5-4032-9d0a-d312efdd0529,2.08,0.46,19.66,Júpiter,Neptuno,Tierra
449ea7e7-77b5-49b5-98a2-5e7863618ec2,2.25,0.42,25.51,Júpiter,Neptuno,Tierra
aa924250-1d4f-4d59-b826-1dfd13158114,1.51,0.67,6.73,Urano,Saturno,Marte
d58191b0-46a2-45cc-b1ba-6481907e6702,2.45,0.61,13.17,Neptuno,Tierra,Saturno
3311933a-96ca-48cd-b41d-726a81fb0847,1.33,0.47,12.04,Neptuno,Tierra,Saturno
d6bf217c-c7c1-467a-b7ce-3389c3ab500c,1.78,0.6,9.89,Tierra,Saturno,Neptuno
bf68ed41-8e36-4290-be47-811e3433f5e7,1.49,0.48,12.93,Neptuno,Tierra,Saturno
efaf6abc-32c1-4d82-a504-ed68335a9206,2.09,0.63,10.53,Neptuno,Tierra,Saturno
d85cea57-7b65-41e6-8cfe-609e5f4bcf82,0.93,0.48,8.07,Urano,Saturno,Tierra
0a2b6c64-1663-457a-9cfa-2d38d456a67f,0.97,0.43,10.49,Neptuno,Tierra,Saturno
44cf73a6-c765-43e5-8202-ec0eed9c269c,1.7,0.41,20.23,Júpiter,Neptuno,Tierra
c45e69f8-a050-41ce-9531-ae1ccefd201e,1.26,0.62,6.56,Urano,Saturno,Marte
c75da451-7c64-4b21-a863-a2eacbfab79b,1.33,0.69,5.59,Marte,Urano,Saturno
e2680246-0643-4142-b706-4ed4f6b5303a,1.48,0.56,9.44,Tierra,Saturno,Urano
434e92d9-b0b8-44c0-b379-c3d9883fade0,2.16,0.43,23.36,Júpiter,Neptuno,Tierra
837ca293-6e84-42e3-b8d8-44a3c12d9474,2.48,0.69,10.42,Neptuno,Tierra,Saturno
09fd699e-2cf1-459e-a4fc-13d21a23313b,1.04,0.7,4.24,Marte,Urano,Saturno
7c482045-3a67-4a2d-9889-e4607793caa6,0.91,0.48,7.9,Urano,Saturno,Tierra
7e321542-f56d-4b32-898e-b687a726da9a,1.11,0.48,9.64,Tierra,Saturno,Urano
a6308488-c85d-4a9c-981f-56c58f275cf7,1.07,0.42,12.13,Neptuno,Tierra,Saturno
6f5bd4f2-2369-44a3-a76d-978d5ba312d1,1.37,0.65,6.49,Urano,Saturno,Marte
0faf3b00-8bb1-4924-ac5d-3220ff48ade0,1.86,0.64,9.08,Saturno,Urano,Tierra
34ea41dc-2288-4b3d-ac3c-62077ddab4b3,2.34,0.41,27.84,Júpiter,Neptuno,Tierra
3b3ca59b-9991-4dba-8cb1-047aace8849b,1.92,0.67,8.55,Urano,Saturno,Tierra
3e983195-5a90-41ea-b453-63101b13e3a7,2.13,0.58,12.66,Neptuno,Tierra,Saturno
a197de36-d595-470e-bb68-63252c81c962,2.09,0.46,19.75,Júpiter,Neptuno,Tierra
9a3d6518-d3d9-4e55-a32c-cad76378412b,0.86,0.65,4.07,Marte,Urano,Saturno
ce83241e-c4c3-450b-a862-8ddb45c38d09,2.38,0.44,24.59,Júpiter,Neptuno,Tierra
36d3dcba-230f-4720-ad9e-21183a17b1f9,1.06,0.69,4.45,Marte,Urano,Saturno
9c1e0b4e-4071-4de6-9cf6-d6bf54ec0cf8,1.47,0.43,15.9,Neptuno,Tierra,Saturno
fc10a58c-6182-492a-a984-810b0a1422bf,1.43,0.67,6.37,Urano,Saturno,Marte
ddc77c77-a370-4ba1-9a0b-4de94db3356e,0.97,0.56,6.19,Marte,Urano,Saturno
718f4048-17e8-4920-9b46-b84be49f92bd,0.88,0.56,5.61,Marte,Urano,Saturno
3a207ab7-7e74-42fd-9c33-5fb3adf6343d,1.84,0.6,10.22,Tierra,Neptuno,Saturno
73da6af6-f101-4ec0-b7e7-11e2f4684da1,0.85,0.65,4.02,Marte,Urano,Saturno
b939ec29-1a3f-4f0d-abe8-9e2b50bcc1c5,1.28,0.69,5.38,Marte,Urano,Saturno
702e8b0b-f457-4917-bcbd-4c6c3fe4fcc0,1.31,0.63,6.6,Urano,Saturno,Marte
fd776067-21dc-4bfa-af66-325dd9c31aec,1.21,0.62,6.3,Urano,Marte,Saturno
3b3ba357-8de1-4b2e-8055-37f24a6044b9,2.07,0.6,11.5,Neptuno,Tierra,Saturno
118bf65a-15b6-471e-a982-649a6286e5cc,2.42,0.57,14.9,Neptuno,Tierra,Saturno
bb009257-3280-48d4-afb4-11c69ee78e8f,1.54,0.43,16.66,Neptuno,Tierra,Saturno
879f8cf5-d20e-42b7-903a-8b3ff956ba3a,0.84,0.61,4.51,Marte,Urano,Saturno
e66e47ef-e77d-4dbe-b1c8-5e1feafafbd0,1.69,0.59,9.71,Tierra,Saturno,Urano
3523be14-ceb8-4102-a0fc-85ddecaac35c,2.18,0.5,17.44,Neptuno,Júpiter,Tierra
6cc81ff9-1fa4-43cb-82cf-207f266de9fa,1.24,0.45,12.25,Neptuno,Tierra,Saturno
8b82e2f8-f5c1-4d9d-9fe2-57125d0885e8,2.3,0.44,23.76,Júpiter,Neptuno,Tierra
8abb2dbe-ff6b-4c94-a477-a53ff7105ed2,1.33,0.64,6.49,Urano,Saturno,Marte
fd6da575-f42a-4691-8383-15a57142ea74,1.06,0.6,5.89,Marte,Urano,Saturno
cc4379a6-d620-416d-bf16-1bce5fd9cf9f,1.45,0.46,13.71,Neptuno,Tierra,Saturno
d684fbe8-6bae-445f-b4bd-184e53483f73,1.72,0.63,8.67,Urano,Saturno,Tierra
24799bee-53a1-4702-b443-53d507b30cbf,1.54,0.6,8.56,Urano,Saturno,Tierra
9bd8be54-6bfd-4c81-8062-7fc298aed207,1.68,0.67,7.48,Urano,Saturno,Tierra
0d2fe52b-bc07-4868-b3eb-fae17df1b6c6,1.53,0.56,9.76,Tierra,Saturno,Urano
a2cc4f59-ce27-4ad3-adc9-19f128011860,2.35,0.67,10.47,Neptuno,Tierra,Saturno
361ba812-e1c7-42fb-a309-121345a46204,1.87,0.54,12.83,Neptuno,Tierra,Saturno
611c941a-7d25-4a62-b2c8-dfd744289b12,1.67,0.61,8.98,Saturno,Urano,Tierra
a69ffed2-cc29-48af-ac39-96a05399aefd,0.96,0.69,4.03,Marte,Urano,Saturno
8d03a13f-6a4d-4e83-9996-0ba063007eea,2.18,0.64,10.64,Neptuno,Tierra,Saturno
39d3878d-604f-4e71-8ff0-4741ede0114c,1.62,0.69,6.81,Urano,Saturno,Tierra
6e945592-8155-42d0-97fe-3f1088f65b71,0.91,0.56,5.8,Marte,Urano,Saturno
7bf03968-dfcc-4150-b16f-d5d7bbda33c0,2.0,0.69,8.4,Urano,Saturno,Tierra
7be6fd1a-7a06-4aa3-ace3-ba37adf5fbd1,1.51,0.57,9.3,Saturno,Tierra,Urano
406cb959-e960-4a15-932b-18cac3fea1f0,1.55,0.68,6.7,Urano,Saturno,Marte
f7f91ce6-debc-478b-b5e1-c05fa8b316e7,1.99,0.46,18.81,Júpiter,Neptuno,Tierra
744fc95a-9b53-4927-9a52-dcd48e091d47,1.96,0.41,23.32,Júpiter,Neptuno,Tierra
d6d6a0de-7d1a-4e8f-89f4-e8655d9e16e2,2.09,0.52,15.46,Neptuno,Tierra,Saturno
7a10e0a1-6986-4fb2-a8ae-13473f335d32,2.43,0.66,11.16,Neptuno,Tierra,Saturno
da3b15ce-1c4c-414f-b2db-63a93d2161d9,1.17,0.57,7.2,Urano,Saturno,Tierra
7d3015d9-b40d-4830-ada7-a607b9799549,2.09,0.59,12.01,Neptuno,Tierra,Saturno
2eae0bcb-ad3e-47f5-90c2-35281f8ccd55,1.63,0.43,17.63,Neptuno,Júpiter,Tierra
619830d1-4784-4050-af4e-7bba2bab218d,2.03,0.67,9.04,Saturno,Urano,Tierra
180ab70a-7b96-4148-9f60-293abd2c029c,1.88,0.67,8.38,Urano,Saturno,Tierra
6d9df446-1e7b-4c26-b139-bf39fc2b3c3a,1.42,0.54,9.74,Tierra,Saturno,Urano
8ea5e77a-64d1-46a0-a4a6-5ad2d5d0d1c6,1.8,0.61,9.67,Tierra,Saturno,Urano
7785fd28-680b-40ba-9293-8450e418e8cf,1.78,0.69,7.48,Urano,Saturno,Tierra
76094654-9d7f-4b42-ac25-6a5113438463,1.24,0.6,6.89,Urano,Saturno,Tierra
03ff2bdd-963c-4a2d-a6d4-610f0d6afd05,1.93,0.56,12.31,Neptuno,Tierra,Saturno
0ec5c498-7386-4c06-bf55-4803f028d8d7,1.54,0.52,11.39,Neptuno,Tierra,Saturno
f92e07f1-6729-4d2d-8d06-22c08b585b14,1.01,0.49,8.41,Urano,Saturno,Tierra
8e602793-76eb-410b-96b8-18d22c5341bc,0.99,0.4,12.37,Neptuno,Tierra,Saturno
0f587c79-9d5e-47d3-b531-5ba101ddb325,2.18,0.67,9.71,Tierra,Saturno,Urano
0b138101-157d-48b0-8512-3c1ddc56427d,1.45,0.6,8.06,Urano,Saturno,Tierra
bbc61024-6dfe-43e1-af4f-0d4ed81ea427,1.98,0.63,9.98,Tierra,Saturno,Neptuno
ce52a782-8131-466e-855b-4a11001eebdd,0.87,0.47,7.88,Urano,Saturno,Tierra
504018ee-5f0a-4edd-b966-da9a16bdf46f,2.21,0.55,14.61,Neptuno,Tierra,Saturno
f0aa0f8f-5bc7-42e7-9997-c9cd91da9fd3,2.26,0.45,22.32,Júpiter,Neptuno,Tierra
080379b5-f593-4752-867b-7208b0f2d2c1,0.99,0.5,7.92,Urano,Saturno,Tierra
bd4a1bf5-0c77-4daa-aa19-21926a2c63a8,1.31,0.55,8.66,Urano,Saturno,Tierra
d49345f8-b8d7-4b6c-ac78-f199dd71726d,2.4,0.7,9.8,Tierra,Saturno,Urano
7e90cb98-002e-47c7-9f07-d3e4d98bb9f6,2.26,0.65,10.7,Neptuno,Tierra,Saturno
40331081-e565-42a7-9c7f-205781162668,2.31,0.45,22.81,Júpiter,Neptuno,Tierra
b92f662a-9f0b-4f6a-976f-f06a1a73a087,0.91,0.43,9.84,Tierra,Saturno,Urano
5a94fd0f-13cb-4940-8cc0-d5c407330241,1.05,0.43,11.36,Neptuno,Tierra,Saturno
d4fcdec1-940f-4971-afce-29d1c03427f1,2.09,0.41,24.87,Júpiter,Neptuno,Tierra
0b99624d-55c1-4fea-8013-e00fd5eade3d,1.64,0.42,18.59,Júpiter,Neptuno,Tierra
e01e31d8-5d97-4a76-bf3f-42902ad34698,1.01,0.65,4.78,Marte,Urano,Saturno
7d079931-a488-42db-b4ee-1c39b1148cf7,2.04,0.54,13.99,Neptuno,Tierra,Saturno
bccf3965-fd5b-461d-900b-85bfbe4bb144,1.27,0.55,8.4,Urano,Saturno,Tierra
d5c2dfcf-16b3-43df-b4ca-8faf08438294,2.39,0.69,10.04,Tierra,Neptuno,Saturno
834c1f9e-fa71-49a2-8c8f-7b5c97b1aa4f,0.84,0.64,4.1,Marte,Urano,Saturno
862e49f4-76ef-46e6-9ba1-fb5acf043396,1.74,0.7,7.1,Urano,Saturno,Tierra
f8ce9a14-d2be-45ac-84d2-d93906b7c5f1,0.82,0.52,6.07,Marte,Urano,Saturno
437920fe-576b-4073-9d00-5458ce27fbeb,1.26,0.55,8.33,Urano,Saturno,Tierra
5908d04c-65ca-4711-aaf0-d576ce8af861,2.42,0.61,13.01,Neptuno,Tierra,Saturno
819f60c4-e4d9-4d14-8797-dee07aca5aba,1.29,0.54,8.85,Saturno,Urano,Tierra
ef021e58-59bb-4431-92c0-6afd11bf68a0,1.07,0.5,8.56,Urano,Saturno,Tierra
d0e23cb7-7a46-430d-8857-aee99bf6e499,1.95,0.48,16.93,Neptuno,Tierra,Júpiter
722b50ba-c6ef-4f45-bbd8-150bd9f2cd75,1.85,0.64,9.03,Saturno,Urano,Tierra
7008add0-2734-46d7-9941-a107e69a5443,2.18,0.58,12.96,Neptuno,Tierra,Saturno
1a79ec9d-de4f-4395-8dc4-abe73a99d418,2.2,0.5,17.6,Neptuno,Júpiter,Tierra
24a2bff6-b432-4594-ba72-201986c95dd8,1.6,0.41,19.04,Júpiter,Neptuno,Tierra
0785969b-097c-4c3e-b0c3-409ca1271c73,1.96,0.69,8.23,Urano,Saturno,Tierra
019e6b01-6143-4223-90fd-06fe165db1d6,1.13,0.4,14.12,Neptuno,Tierra,Saturno
177ef42e-f71d-447d-a706-aee33a148e64,1.34,0.6,7.44,Urano,Saturno,Tierra
f79f4fde-5d0f-45db-85ee-6e078fa9cbc0,2.2,0.45,21.73,Júpiter,Neptuno,Tierra
5f60bc73-c970-4df3-a866-4b29f3d5137d,1.78,0.67,7.93,Urano,Saturno,Tierra
6562eb30-0c60-49c5-9441-feb05ef9da65,1.37,0.59,7.87,Urano,Saturno,Tierra
b4fb98ca-4370-43b8-818c-c99d89aeebae,2.37,0.51,18.22,Júpiter,Neptuno,Tierra
ed465502-20bd-4694-b4aa-b1ecda030d93,2.35,0.45,23.21,Júpiter,Neptuno,Tierra
b1a4cfd2-e1c6-4883-a96c-7d1626864313,0.83,0.4,10.37,Tierra,Neptuno,Saturno
8ddbf653-9099-4224-9eab-ac05173f4413,2.34,0.55,15.47,Neptuno,Tierra,Saturno
cbda8899-2e9e-45cb-8c5b-4c8e50485299,1.56,0.41,18.56,Júpiter,Neptuno,Tierra
2b953e77-9ce8-4de2-9ca1-a01ecfdf4289,1.41,0.58,8.38,Urano,Saturno,Tierra
50c969e1-2d95-4f87-82bb-cc2325e8ce54,2.03,0.42,23.02,Júpiter,Neptuno,Tierra
e2e2784c-b024-4fd7-9c43-e46fb30ad5ee,2.27,0.49,18.91,Júpiter,Neptuno,Tierra
510eba60-8e0d-44cc-8d8d-10a7e9013b4b,2.03,0.64,9.91,Tierra,Saturno,Neptuno
392b40a8-9f7e-4888-afa3-1dc206f22664,1.87,0.56,11.93,Neptuno,Tierra,Saturno
813270c7-607e-48e4-86a0-73bd09f39565,1.73,0.52,12.8,Neptuno,Tierra,Saturno
1f6ca6d8-f7a2-4a55-9d8f-04ef692b9c43,1.57,0.47,14.21,Neptuno,Tierra,Saturno
179a3a8c-6d0d-4cbf-9f1a-4d34dd0c703c,2.4,0.58,14.27,Neptuno,Tierra,Saturno
5ac4df20-9894-4b41-b8d2-39845fec0e43,2.38,0.59,13.67,Neptuno,Tierra,Saturno
1ea5239d-ecdb-4aac-8de0-318e2b5b621c,2.1,0.4,26.25,Júpiter,Neptuno,Tierra
1c64ea0b-bd9b-4951-ba5c-7475e242ecb2,2.03,0.53,14.45,Neptuno,Tierra,Saturno
99e0ff91-6a7b-44cb-88aa-c5cb65c66d74,2.1,0.42,23.81,Júpiter,Neptuno,Tierra
69757cfd-c7fd-435c-9211-58ae9b4efcee,1.52,0.41,18.08,Júpiter,Neptuno,Tierra
4d0f0670-6cdf-4234-a6b6-bdba89864d18,1.39,0.41,16.54,Neptuno,Tierra,Saturno
a14d1525-64cc-45b4-a1b8-304b522afd76,2.05,0.4,25.62,Júpiter,Neptuno,Tierra
317f36b6-e86f-43c3-9115-ab3bce0d9107,2.4,0.66,11.02,Neptuno,Tierra,Saturno
f1cd3931-f097-4d01-a389-27e4c53a9337,1.75,0.59,10.05,Tierra,Neptuno,Saturno
f1dfe88c-33c5-4a02-ac71-fc583cd4772c,1.75,0.66,8.03,Urano,Saturno,Tierra
43313f2c-5d14-4d66-81fe-c1d841a97bbd,1.46,0.43,15.79,Neptuno,Tierra,Saturno
ad6dc6d9-1c12-4165-ac73-b12e76c96409,1.41,0.67,6.28,Urano,Marte,Saturno
18828c06-c38c-4324-8595-ba03e83ebb40,1.28,0.55,8.46,Urano,Saturno,Tierra
46f8ab47-1f87-4294-89e0-a812b8bb8fad,2.03,0.47,18.38,Júpiter,Neptuno,Tierra
2cce4292-1742-47aa-be97-0afbcf6d9e9f,1.2,0.62,6.24,Urano,Marte,Saturno
73ffaf08-7b5f-43f9-ba0f-c609a2f65111,2.08,0.48,18.06,Júpiter,Neptuno,Tierra
da0ace41-6824-4bde-b4b1-27eb0817d8b4,0.93,0.4,11.62,Neptuno,Tierra,Saturno
83a5fcba-3ff0-4d87-9711-2b9b7631744e,2.07,0.49,17.24,Neptuno,Tierra,Júpiter
4c1a7517-a1b7-4eeb-acea-6280e75abb75,2.36,0.58,14.03,Neptuno,Tierra,Saturno
b46d1f23-6099-4af7-9f89-8fd0590b7076,0.82,0.51,6.31,Urano,Marte,Saturno
45cf9168-1c37-46ef-8082-b12ec54d748b,1.01,0.61,5.43,Marte,Urano,Saturno
b1c54b8c-cf66-48b6-8ee1-bf2ed99c62d2,1.76,0.49,14.66,Neptuno,Tierra,Saturno
b65cb6b0-0053-475e-9fe6-439e2e14f953,2.36,0.45,23.31,Júpiter,Neptuno,Tierra
22710733-e915-4048-9164-49cbca25bad2,2.13,0.66,9.78,Tierra,Saturno,Urano
8b0bc719-9b55-491d-8436-249fd8db061a,1.25,0.59,7.18,Urano,Saturno,Tierra
99bfd66a-71af-4f63-afce-0ce27120276a,1.46,0.64,7.13,Urano,Saturno,Tierra
11471ec2-4ce5-49c2-9850-e20e90b6027a,2.11,0.7,8.61,Urano,Saturno,Tierra
74394ffa-4b6e-448d-9109-8133f0f11cef,1.37,0.69,5.76,Marte,Urano,Saturno
a295a409-6c20-4655-87f3-457a73eb5d44,1.35,0.41,16.06,Neptuno,Tierra,Saturno
aa768c4b-413a-434f-b2b3-6237b7b98608,2.35,0.69,9.87,Tierra,Saturno,Neptuno
656901e8-fadf-4ac6-aae7-faecadfd1a43,1.35,0.47,12.22,Neptuno,Tierra,Saturno
75e3404b-752c-4341-a041-277709beeed7,0.97,0.55,6.41,Urano,Saturno,Marte
b75a4193-df75-4281-84aa-cbf26e20bb42,0.93,0.65,4.4,Marte,Urano,Saturno
fde13c59-a267-4834-b1ed-78b7986a2dfb,0.86,0.66,3.95,Marte,Urano,Saturno
cec69a28-d23f-469f-b09d-0dcf5880b904,2.44,0.52,18.05,Júpiter,Neptuno,Tierra
4fa64e23-31f6-4358-a8fd-05d440f7b3e9,2.11,0.5,16.88,Neptuno,Tierra,Saturno
bc0847b1-db3c-4d8f-9b4f-3b82260efed2,1.71,0.67,7.62,Urano,Saturno,Tierra
fc6330d0-597e-4536-a8e3-97844f5341b0,1.37,0.69,5.76,Marte,Urano,Saturno
25ffab7c-c57a-4d67-97d5-c8c1bdbb7672,0.94,0.6,5.22,Marte,Urano,Saturno
7d5fd4c8-c80a-4443-b686-cb3b8e6480db,0.95,0.46,8.98,Saturno,Urano,Tierra
5bddd44b-dea6-4294-b312-f8890546ed79,1.74,0.41,20.7,Júpiter,Neptuno,Tierra
0420f999-1297-43f3-ac88-28d2aab56ddb,0.81,0.68,3.5,Marte,Urano,Saturno
dbc84008-2bac-4cf0-aacd-ef849f337aca,1.54,0.65,7.29,Urano,Saturno,Tierra
554604b4-d286-49eb-9eee-ea3cc67d1b9e,1.28,0.56,8.16,Urano,Saturno,Tierra
18d01a71-1719-44d5-affe-ebef064d7656,1.79,0.67,7.98,Urano,Saturno,Tierra
345c3cb0-a9e2-46e0-81d9-8248c3d2e19a,2.08,0.68,9.0,Saturno,Urano,Tierra
0268d196-e7b2-44c5-8cc3-0cf7cab5974b,1.94,0.59,11.15,Neptuno,Tierra,Saturno
09264060-2779-4d07-b163-5fbee0458fac,1.57,0.67,6.99,Urano,Saturno,Tierra
74a173c6-b2db-4c63-86b7-9bce3dc8d927,1.85,0.56,11.8,Neptuno,Tierra,Saturno
601e8011-a8b3-4b5d-b447-8fa69ab47fb0,1.66,0.44,17.15,Neptuno,Tierra,Júpiter
b93226c1-46d3-4fbe-a59c-dfa259014ccf,1.34,0.64,6.54,Urano,Saturno,Marte
a18258d1-595a-4c02-b819-1964d588a522,0.97,0.55,6.41,Urano,Saturno,Marte
803a20e3-3d65-4571-be93-b57aea267543,1.27,0.64,6.2,Urano,Marte,Saturno
c9c8f29c-d708-4836-b2d3-253ec7cde9b1,0.93,0.53,6.62,Urano,Saturno,Marte
2f37d1e5-8335-4c08-a1bc-faecf5b05f86,0.96,0.63,4.84,Marte,Urano,Saturno
544a4ef0-56f1-42db-8173-38d5a83c31c2,1.29,0.64,6.3,Urano,Marte,Saturno
31fd8646-3b80-4cce-ae34-1454382db485,1.3,0.6,7.22,Urano,Saturno,Tierra
e0cae1b5-14f4-48af-b419-ac9c011dea82,1.1,0.65,5.21,Marte,Urano,Saturno
8a33a90e-31a0-4e89-9dee-61459d029332,1.9,0.62,9.89,Tierra,Saturno,Neptuno
fc19aad7-64a6-46ad-b8ab-e6ad482d2c3f,0.92,0.66,4.22,Marte,Urano,Saturno
a7cf34f2-d20a-4322-ac4c-814f3018b463,1.85,0.51,14.23,Neptuno,Tierra,Saturno
7c5065b1-5317-4fdf-a820-aceafb7ef994,2.34,0.64,11.43,Neptuno,Tierra,Saturno
4eeb9c41-10b0-4a9f-a39b-0e2d533f8cf0,1.53,0.61,8.22,Urano,Saturno,Tierra
af3d8a1b-b820-4063-ac9c-726f8c278ba7,1.88,0.47,17.02,Neptuno,Tierra,Júpiter
85da84f9-2ef3-4690-b1d0-7407e8c18a34,1.46,0.44,15.08,Neptuno,Tierra,Saturno
cf48d2d0-60bc-4871-9f37-465959ae3a90,0.99,0.58,5.89,Marte,Urano,Saturno
a7fb39de-cb87-48d8-b6b0-346532f9ee2f,1.67,0.46,15.78,Neptuno,Tierra,Saturno
14da90f3-5687-4d01-bb9e-eade2e55e1ea,1.07,0.68,4.63,Marte,Urano,Saturno
310b39ff-decd-480b-b494-4934379687a1,1.17,0.64,5.71,Marte,Urano,Saturno
2ea5625a-23be-4e67-9366-6a0121265017,1.75,0.47,15.84,Neptuno,Tierra,Saturno
082e1bd3-4163-4d4d-830d-9f27643e3a03,2.4,0.54,16.46,Neptuno,Tierra,Saturno
e72b346d-3eb3-4201-860c-e7864e861e0a,1.86,0.56,11.86,Neptuno,Tierra,Saturno
42986d4c-69b3-4f5a-9ba4-16a994de0b2c,2.35,0.6,13.06,Neptuno,Tierra,Saturno
2d6063a7-73df-40a3-8478-b48d0f763fb1,2.12,0.52,15.68,Neptuno,Tierra,Saturno
27dcd6c4-0afc-437e-84c1-7079b8dddfe4,1.72,0.64,8.4,Urano,Saturno,Tierra
b50cb91e-7e7a-4eeb-8cf7-c7e1233b46cd,2.15,0.6,11.94,Neptuno,Tierra,Saturno
53ab2224-ae4d-4cd3-9096-eac8f4130314,1.78,0.55,11.77,Neptuno,Tierra,Saturno
75ad24ca-31e6-4dfa-9f23-55dc86c21e9a,1.61,0.41,19.16,Júpiter,Neptuno,Tierra
76147e63-e2ea-4477-8b4a-3f003ef854e5,1.78,0.64,8.69,Urano,Saturno,Tierra
a661347c-d75a-4584-a001-322ed1fd34d0,1.3,0.5,10.4,Tierra,Neptuno,Saturno
447eb576-ff76-42f1-b08b-8ea30b510b27,2.1,0.62,10.93,Neptuno,Tierra,Saturno
969ae749-b2b2-4a19-a518-7992957b283e,1.18,0.45,11.65,Neptuno,Tierra,Saturno
fa66235b-0dca-40c4-920f-86504789b1a4,2.35,0.5,18.8,Júpiter,Neptuno,Tierra
5b0e2e0a-e0ac-4b0e-8e48-8a28d6a77358,2.06,0.43,22.28,Júpiter,Neptuno,Tierra
140b291a-c456-4b5d-8e26-c3273d536072,1.72,0.53,12.25,Neptuno,Tierra,Saturno
9f93cf19-4590-4713-933c-fcd9e1ef604a,1.16,0.54,7.96,Urano,Saturno,Tierra
2b0efaa9-7db3-4f70-9f23-f211cb100cd0,1.37,0.43,14.82,Neptuno,Tierra,Saturno
dcb8f2d1-d1d5-40bf-8814-6ce5c36759cb,1.45,0.63,7.31,Urano,Saturno,Tierra
d20ccfa5-23b7-41ff-8095-ff49f0c9701c,1.64,0.66,7.53,Urano,Saturno,Tierra
f4da6dbc-8f35-4e4d-a71a-cd88cbaeb229,2.3,0.58,13.67,Neptuno,Tierra,Saturno
41e6fedf-cb6e-4b9e-8620-ca1c157604b1,1.75,0.65,8.28,Urano,Saturno,Tierra
6a14f8e7-595d-4dbb-8b22-107c95517db0,1.99,0.68,8.61,Urano,Saturno,Tierra
093f935f-ef85-4079-a8e9-1b36c7b6b6f9,1.2,0.54,8.23,Urano,Saturno,Tierra
520f2be5-f39d-45f4-b188-4c45b2720ecb,1.01,0.55,6.68,Urano,Saturno,Marte
f43a2cc9-ab43-405b-8083-d0594144df93,2.21,0.51,16.99,Neptuno,Tierra,Júpiter
3e6a40ab-7f28-45f9-801b-26e276af515a,1.1,0.66,5.05,Marte,Urano,Saturno
d1204e02-6863-4d55-80dc-b2ee23a1de06,2.31,0.57,14.22,Neptuno,Tierra,Saturno
362c8765-fa78-44a6-b261-827ae3472e24,1.87,0.66,8.59,Urano,Saturno,Tierra
6d9f18b8-8ec4-44f0-99bb-9dad2efe597d,1.54,0.55,10.18,Tierra,Neptuno,Saturno
d96924ff-d3c6-44a2-9854-278d166ab590,0.86,0.66,3.95,Marte,Urano,Saturno
b1b74278-ea94-4b64-b035-f81b75a5d8dd,1.03,0.7,4.2,Marte,Urano,Saturno
fd17718d-08b3-4602-a496-8631a9f006c0,1.13,0.61,6.07,Marte,Urano,Saturno
f3bcfe27-4969-4eec-869e-c26e714a53f8,1.33,0.45,13.14,Neptuno,Tierra,Saturno
aa140410-2722-4310-83b0-1c76e40cf0af,1.37,0.54,9.4,Tierra,Saturno,Urano
43d49ebd-c84f-4067-8ea4-64c3ac482074,2.28,0.56,14.54,Neptuno,Tierra,Saturno
57a11495-66c9-4599-8820-b0c51f7b1b4a,1.6,0.69,6.72,Urano,Saturno,Marte
e92dd739-ddc1-4971-b195-9c5649e62af8,1.67,0.45,16.49,Neptuno,Tierra,Saturno
3e27ded9-043a-4921-a906-9b7ce98bae4b,1.16,0.51,8.92,Saturno,Urano,Tierra
0fef4d5c-fcce-45a8-8cf5-fdefdd8c6346,1.7,0.66,7.81,Urano,Saturno,Tierra
930ca128-4d69-4975-a98d-93da8362832c,2.23,0.43,24.12,Júpiter,Neptuno,Tierra
92d652cd-5308-4a9a-9072-48a7212fb629,1.67,0.48,14.5,Neptuno,Tierra,Saturno
26da7045-29cb-40c8-8d84-756660fd6d68,2.34,0.44,24.17,Júpiter,Neptuno,Tierra
b371c203-c163-4e69-9948-a4e734a3c9ea,2.1,0.49,17.49,Neptuno,Júpiter,Tierra
cfa917f7-5f26-4b2a-af44-db6468a83030,2.13,0.52,15.75,Neptuno,Tierra,Saturno
405006ac-31b1-4dcc-ae3b-b0f07f76e2c4,2.41,0.67,10.74,Neptuno,Tierra,Saturno
70a0dd03-624e-440f-bbb1-43a29b5b5ef3,1.41,0.58,8.38,Urano,Saturno,Tierra
a6dd661f-cda1-47bf-99e4-24cb368bd3c8,1.1,0.61,5.91,Marte,Urano,Saturno
0d4e049e-67da-4887-9325-873d8af0e331,1.78,0.46,16.82,Neptuno,Tierra,Saturno
f3870769-be50-4864-9183-786af84dfe8b,1.81,0.46,17.11,Neptuno,Tierra,Júpiter
3bae776f-6d4d-499e-b2de-1df41723efdb,2.05,0.61,11.02,Neptuno,Tierra,Saturno
bf3330de-2381-41a1-b619-c76943e27c3c,1.27,0.5,10.16,Tierra,Neptuno,Saturno
e6e7bcd2-32a5-4d40-b2fe-b3da5f80bcfc,0.84,0.64,4.1,Marte,Urano,Saturno
9c94ea16-bc6f-4121-a059-7cbdc21fdc5b,1.6,0.5,12.8,Neptuno,Tierra,Saturno
2ae50184-98c6-4df3-ad5f-2042c930b61b,0.9,0.47,8.15,Urano,Saturno,Tierra
f193ec78-62e4-45e3-bba5-7cf9f0e94144,1.02,0.44,10.54,Neptuno,Tierra,Saturno
f76e8527-7f21-41da-aa07-a66f0d14ceab,2.01,0.63,10.13,Tierra,Neptuno,Saturno
7dd0cb56-be75-4f91-83d9-03d91bf0e27d,1.33,0.62,6.92,Urano,Saturno,Tierra
89f0062f-adb8-4965-b353-bcc9b5583abd,0.88,0.66,4.04,Marte,Urano,Saturno
62d6d6c6-a200-407e-9021-0e785f90946d,2.05,0.49,17.08,Neptuno,Tierra,Júpiter
0f14c8e4-3d6d-4036-a603-5e0ee409eb6e,1.88,0.6,10.44,Neptuno,Tierra,Saturno
8d6ea066-e85f-4a79-b15c-07db5b102595,2.16,0.63,10.88,Neptuno,Tierra,Saturno
1fe6e481-1576-49eb-8f73-fbbbb33dbea9,1.09,0.49,9.08,Saturno,Urano,Tierra
c8dfc4aa-9996-47bf-8c69-8ce8bfd4f51e,2.09,0.61,11.23,Neptuno,Tierra,Saturno
6aab9f7b-07b7-4872-bc5a-b7e00755b786,2.45,0.59,14.08,Neptuno,Tierra,Saturno
63fb837a-8162-40d9-b585-c2a665f6fd02,0.92,0.57,5.66,Marte,Urano,Saturno
94c3832a-4ed5-40db-a893-d0237d68960a,0.86,0.6,4.78,Marte,Urano,Saturno
11069b2f-df72-419e-9ff5-e7e3fc9b330a,0.96,0.45,9.48,Tierra,Saturno,Urano
8f6dc4db-2dd0-4820-9b4d-a9c6c8d6caab,1.39,0.49,11.58,Neptuno,Tierra,Saturno
c583c916-5c19-4c93-b74a-efd750d9108b,2.42,0.7,9.88,Tierra,Saturno,Neptuno
f79652c8-7eda-4385-8312-332f886cb3d9,1.77,0.66,8.13,Urano,Saturno,Tierra
d71c786c-c6d2-4968-a028-3b2a6f28d8ce,1.89,0.49,15.74,Neptuno,Tierra,Saturno
b2cdc6af-95f1-4471-9abd-d2f0a71e68b8,1.46,0.67,6.5,Urano,Saturno,Marte
5fcbc90d-d205-4801-9f9f-99bed2899c2d,1.89,0.69,7.94,Urano,Saturno,Tierra
87b8b1b5-91e6-43e9-909d-69c052a2c00e,1.84,0.47,16.66,Neptuno,Tierra,Saturno
e76c7c2c-1642-46cf-bc62-b506ad9a3265,1.05,0.51,8.07,Urano,Saturno,Tierra
920ba4e7-a682-4f9b-9ca0-5ac39222b902,1.99,0.68,8.61,Urano,Saturno,Tierra
10b5f30d-5496-467d-8719-a7c7e6139494,1.98,0.67,8.82,Urano,Saturno,Tierra
e8f452af-4c67-4c01-bb0d-7cf9a03cfd1e,1.16,0.56,7.4,Urano,Saturno,Tierra
0aac7ae1-d835-4fef-b398-7b2f071f9568,1.89,0.54,12.96,Neptuno,Tierra,Saturno
afd3e97c-d62d-4eb2-9080-0000bbb005af,1.57,0.66,7.21,Urano,Saturno,Tierra
aa03d04e-bfdb-4dea-a965-2a6c7844da49,1.82,0.42,20.63,Júpiter,Neptuno,Tierra
92620f85-d44f-4b05-bc8b-c2872bebff28,0.83,0.62,4.32,Marte,Urano,Saturno
56ec6c99-2b15-4a05-b0ff-792e300a9173,1.96,0.47,17.75,Neptuno,Júpiter,Tierra
2efd2b47-1249-465d-a80f-94ba8b16511f,0.96,0.42,10.88,Neptuno,Tierra,Saturno
84a2f8dc-c2e2-4a17-bc04-aba7b488964f,1.76,0.44,18.18,Júpiter,Neptuno,Tierra
223d0d10-3a07-4f22-b8e0-42ceb3d896cc,1.05,0.44,10.85,Neptuno,Tierra,Saturno
c87da607-461d-43aa-8530-53e4cc894d62,2.03,0.47,18.38,Júpiter,Neptuno,Tierra
e2b6a3c9-37e0-4cf7-ab35-77419eb8ff43,1.79,0.52,13.24,Neptuno,Tierra,Saturno
cc2867e2-595b-4a97-ae1c-f43b3b4d597f,1.02,0.61,5.48,Marte,Urano,Saturno
9693791f-c35e-46ab-836c-cb4ec853e26d,1.5,0.64,7.32,Urano,Saturno,Tierra
d90d76d9-458e-44a6-bb23-18c8e07d5759,2.42,0.68,10.47,Neptuno,Tierra,Saturno
d4e92050-fa18-43de-b66d-2ee70495e4cd,1.3,0.65,6.15,Marte,Urano,Saturno
cb6e2f51-7740-4f96-8ef4-38159be7b166,2.38,0.45,23.51,Júpiter,Neptuno,Tierra
b23d0093-7230-44ca-a0e7-8b9d62e7e7fc,1.18,0.44,12.19,Neptuno,Tierra,Saturno
7077853d-071e-47ff-83c8-314f4f1e99b0,1.61,0.62,8.38,Urano,Saturno,Tierra
bc5eb981-d14b-4901-88cf-1a580e6bb2a3,2.21,0.47,20.01,Júpiter,Neptuno,Tierra
a63567f2-c1a6-4a72-b981-c99e263c5c6c,1.31,0.66,6.01,Marte,Urano,Saturno
c084a158-84b5-445d-a52e-b92ab7a5a8cb,1.38,0.45,13.63,Neptuno,Tierra,Saturno
9236704e-d7e7-45d0-bb44-844811ba3313,2.31,0.55,15.27,Neptuno,Tierra,Saturno
f93d93f7-100b-4be1-9382-0862e1daef76,1.99,0.47,18.02,Júpiter,Neptuno,Tierra
6d3166ca-2d7c-43d2-b5f4-f16afcc210aa,2.08,0.47,18.83,Júpiter,Neptuno,Tierra
e75175a0-66fd-4e75-b7dd-5b405af66106,0.83,0.4,10.37,Tierra,Neptuno,Saturno
e8f12037-e6e0-417b-b921-a7ff02151c21,2.25,0.43,24.34,Júpiter,Neptuno,Tierra
07025c95-fb61-4b99-9b15-0feffa3bb6d3,1.04,0.66,4.78,Marte,Urano,Saturno
0e5d7d15-cd58-469a-9c4f-b1e8c1211ea8,1.46,0.43,15.79,Neptuno,Tierra,Saturno
8da11f97-4f22-4815-9c10-9ddc41be79b5,0.96,0.67,4.28,Marte,Urano,Saturno
2a194158-cdb5-4e24-ba29-517f9d7e1f1b,1.84,0.68,7.96,Urano,Saturno,Tierra
f3580e68-6d7b-4fbb-9766-9da62ca9e747,1.08,0.43,11.68,Neptuno,Tierra,Saturno
6873062d-752d-493a-bdd3-08f114c4a9a7,2.3,0.44,23.76,Júpiter,Neptuno,Tierra
004bc01a-2bcf-49d7-91ce-ee0fc212fb2f,1.95,0.5,15.6,Neptuno,Tierra,Saturno
1ba4fbcf-cebc-4ebf-90d9-55594027a01c,1.64,0.5,13.12,Neptuno,Tierra,Saturno
3c0d314f-5e7a-4b89-bc9b-53f8fbde332f,1.8,0.61,9.67,Tierra,Saturno,Urano
9f7392bd-3f2b-4ebf-800d-67ac9fc408db,1.96,0.66,9.0,Saturno,Urano,Tierra
3f40d564-7176-494c-aea0-d04679fe6ee1,2.4,0.54,16.46,Neptuno,Tierra,Saturno
711733bf-0fa9-48ef-bd9f-6e82a04b2bcc,1.06,0.44,10.95,Neptuno,Tierra,Saturno
f06deea0-3038-4496-9e9a-dbd15f117370,1.83,0.61,9.84,Tierra,Saturno,Urano
50417d1d-c249-4e23-8186-a9747ad5b451,1.63,0.64,7.96,Urano,Saturno,Tierra
afea0c30-2ac6-4e9c-bd2c-55e9c2b80818,1.81,0.68,7.83,Urano,Saturno,Tierra
1a4b81c9-f957-4f06-bc7e-394e05a08863,1.6,0.6,8.89,Saturno,Urano,Tierra
faa94322-803f-4f42-b49b-f0a384b605b9,2.26,0.41,26.89,Júpiter,Neptuno,Tierra
26104911-6646-4ccc-a524-cddeccbbae65,2.0,0.63,10.08,Tierra,Neptuno,Saturno
23545b24-efca-4e13-9b95-55ff2e992354,1.44,0.59,8.27,Urano,Saturno,Tierra
a934431a-3b2e-4501-b7fe-be784f35ee6b,2.35,0.58,13.97,Neptuno,Tierra,Saturno
5e03d3d9-fd1a-4285-8f7d-9c6913848268,0.98,0.47,8.87,Saturno,Urano,Tierra
1814d6d0-0262-4659-ad64-ff181690292b,2.01,0.63,10.13,Tierra,Neptuno,Saturno
c17ddf89-cafb-4ac7-8a33-f730b25a6417,1.37,0.42,15.53,Neptuno,Tierra,Saturno
87271cf6-c875-416e-9393-524051ad91af,1.94,0.43,20.98,Júpiter,Neptuno,Tierra
21cb7347-2285-484b-ba6c-e86c3acfb522,2.45,0.43,26.5,Júpiter,Neptuno,Tierra
953aedc8-8e4d-4e72-aafc-e93628be712b,1.78,0.54,12.21,Neptuno,Tierra,Saturno
1e2aecc7-a256-4291-bc03-d0ecee3bb2d4,1.56,0.56,9.95,Tierra,Saturno,Neptuno
9b1ddbba-6a5c-40e7-8081-16b03841f2b6,0.95,0.46,8.98,Saturno,Urano,Tierra
feb6dc1d-ecbc-4a82-b2b2-88f6957ca697,2.06,0.54,14.13,Neptuno,Tierra,Saturno
02a3ee6f-0c99-4f8c-a7d1-811b772aa602,2.25,0.64,10.99,Neptuno,Tierra,Saturno
f4fdb644-7839-4533-b4b1-fd1167416fa2,0.9,0.54,6.17,Marte,Urano,Saturno
7f4ac2b3-90c7-4254-bd28-283134a48ae2,1.42,0.42,16.1,Neptuno,Tierra,Saturno
abd47878-82db-443e-825f-e0c430e94a21,1.03,0.56,6.57,Urano,Saturno,Marte
5aa08ad0-1976-449a-b19e-d0dbe1576e57,1.89,0.58,11.24,Neptuno,Tierra,Saturno
f71a9f71-3076-42cb-98e1-3c0e5b29c5ce,1.87,0.62,9.73,Tierra,Saturno,Urano
9b9e4737-cfde-41dc-89e7-e17b7715088f,1.66,0.63,8.36,Urano,Saturno,Tierra
0831ad6a-af49-4b07-a5be-aa5577f379e1,1.76,0.55,11.64,Neptuno,Tierra,Saturno
e32a0a48-9243-4435-bd6f-0fff1781fad8,1.85,0.58,11.0,Neptuno,Tierra,Saturno
729d5a5a-abfa-4332-93e3-0424181706a7,1.65,0.56,10.52,Neptuno,Tierra,Saturno
b483620b-d362-4d52-b69e-bc93864bfb81,1.33,0.65,6.3,Urano,Marte,Saturno
d6d5abe1-cdc3-4a6b-988e-930e90ff0793,1.97,0.47,17.84,Neptuno,Júpiter,Tierra
a9cb3a8d-967d-4bba-b938-b6711180923a,0.95,0.67,4.23,Marte,Urano,Saturno
536ca1d0-4c28-494a-97bb-3fede905fd37,1.18,0.62,6.14,Marte,Urano,Saturno
772261eb-cf79-44ec-aa74-6a782665ba22,1.08,0.47,9.78,Tierra,Saturno,Urano
e8fd3e08-7a1e-4a0f-a94c-abd20ff4ab45,0.94,0.66,4.32,Marte,Urano,Saturno
86274bc1-5d5a-4901-9bb1-5d6470409cc9,2.19,0.65,10.37,Tierra,Neptuno,Saturno
7631ee82-537a-49f7-b732-a87fd737b788,1.39,0.41,16.54,Neptuno,Tierra,Saturno
8ab0772f-a186-4233-89d2-8da463d676e1,2.2,0.61,11.82,Neptuno,Tierra,Saturno
319c9d1f-4734-4da5-a53d-82d85d613666,1.75,0.68,7.57,Urano,Saturno,Tierra
8ee66bec-43bc-4320-a30e-d4cc312a85cc,2.01,0.52,14.87,Neptuno,Tierra,Saturno
da5a32df-fa4e-4e07-a44f-df58227d4c74,1.42,0.68,6.14,Marte,Urano,Saturno
e261e303-61a4-4e8e-a64a-6277f0f7775d,1.5,0.46,14.18,Neptuno,Tierra,Saturno
b94ca9d5-df8d-4e50-aa1f-2ca31fce5b4f,2.29,0.55,15.14,Neptuno,Tierra,Saturno
d2f4807b-4294-45f1-a7a2-a888a81f9077,0.92,0.54,6.31,Urano,Marte,Saturno
f7d0accb-95d0-42a8-b611-6fd6d7447ecd,2.31,0.55,15.27,Neptuno,Tierra,Saturno
142d1e99-e077-421c-bac1-e661d30f7254,2.34,0.68,10.12,Tierra,Neptuno,Saturno
6b9eebda-6a3e-493b-8d80-d089c9ce6884,1.68,0.5,13.44,Neptuno,Tierra,Saturno
037ea9fe-ce1d-48c2-ab88-7a4a5075cdd3,1.12,0.55,7.4,Urano,Saturno,Tierra
88a605b2-e471-4db9-86f8-b188eab9433b,1.29,0.5,10.32,Tierra,Neptuno,Saturno
62d577e4-4b1a-4197-8da3-3e5ca95f3bf0,2.08,0.41,24.75,Júpiter,Neptuno,Tierra
630c788a-9072-4e1b-8431-210dc72dda34,1.66,0.58,9.87,Tierra,Saturno,Neptuno
06ccf1fb-55a4-4aed-9285-676229a22537,1.21,0.54,8.3,Urano,Saturno,Tierra
6ed40827-28e7-44b3-aeeb-f62bf507531a,1.0,0.51,7.69,Urano,Saturno,Tierra
73107261-32c4-46cd-bbef-7249f1030f3c,1.69,0.68,7.31,Urano,Saturno,Tierra
9e7bebe5-9d38-42df-8568-ca5072ef85f7,1.43,0.55,9.45,Tierra,Saturno,Urano
79238e5a-555b-4032-b04a-e45eec588261,2.31,0.52,17.09,Neptuno,Tierra,Júpiter
8c84adac-19c1-4a7c-9ef3-935213e89e41,0.93,0.46,8.79,Urano,Saturno,Tierra
aaad7c64-c754-4c24-9aef-c68e7bed518b,1.69,0.56,10.78,Neptuno,Tierra,Saturno
4909b9b5-04d6-42b8-9b8b-565550e9f91d,2.38,0.57,14.65,Neptuno,Tierra,Saturno
31b85683-f312-4eca-9f54-52435a9f5c7c,1.69,0.47,15.3,Neptuno,Tierra,Saturno
ba87b980-1540-4362-baeb-62ee47ae878e,1.13,0.59,6.49,Urano,Saturno,Marte
85300def-0600-4710-b154-85387aca07ef,2.37,0.53,16.87,Neptuno,Tierra,Saturno
a4b4744f-f5ce-42ed-92ef-c3285a024b76,1.77,0.58,10.52,Neptuno,Tierra,Saturno
e5a7e419-ba06-4893-b3bc-eb09b284e9ee,1.74,0.49,14.49,Neptuno,Tierra,Saturno
6ee735c1-806a-493e-9b6c-e239089727a1,1.68,0.57,10.34,Tierra,Neptuno,Saturno
80d9f97b-c067-4f60-ab3e-2ee2a67f5e4a,0.99,0.49,8.25,Urano,Saturno,Tierra
75f359dd-5c67-4d34-ae96-c02605ec7e66,1.13,0.65,5.35,Marte,Urano,Saturno
59ee5585-1cff-4a45-be61-7fde0c0f9580,2.32,0.51,17.84,Neptuno,Júpiter,Tierra
905c6b28-5e30-49c8-b480-5a38a947992b,2.44,0.59,14.02,Neptuno,Tierra,Saturno
9534e3fa-0128-4770-8353-ba4b50ce51ea,2.27,0.5,18.16,Júpiter,Neptuno,Tierra
3450af64-8162-4190-b17f-de307b6652c5,1.05,0.49,8.75,Urano,Saturno,Tierra
84f4d7f5-6be9-45e0-80e7-b333fde4b1e6,1.1,0.47,9.96,Tierra,Saturno,Neptuno
0f7bd017-c138-4d93-bc5a-a61e44e2967d,2.41,0.61,12.95,Neptuno,Tierra,Saturno
da192437-9876-4f1a-b00c-7ea79b6c2ebc,2.3,0.62,11.97,Neptuno,Tierra,Saturno
27ac103f-ac34-4114-b9f4-af9aecfac26d,1.76,0.5,14.08,Neptuno,Tierra,Saturno
a4279f17-f3ff-4b62-a9d0-c54b9365b127,1.06,0.49,8.83,Urano,Saturno,Tierra
8c260948-3311-4540-97ae-702d3277aebf,2.41,0.54,16.53,Neptuno,Tierra,Saturno
8639d846-883d-4e50-b30c-468debbb99e6,1.08,0.55,7.14,Urano,Saturno,Tierra
dab86cb5-8718-4410-9d7e-baa6aa3145d1,1.79,0.65,8.47,Urano,Saturno,Tierra
28bd6b30-93a3-4915-9f8e-d1624d76ea9e,2.08,0.44,21.49,Júpiter,Neptuno,Tierra
98712303-3c07-4fd1-9990-6174db3712e6,1.83,0.41,21.77,Júpiter,Neptuno,Tierra
92391d3e-e41e-4523-95ef-c220f84a2a84,1.64,0.62,8.53,Urano,Saturno,Tierra
df194123-ae58-4073-8586-22d47cb891f9,1.12,0.47,10.14,Tierra,Neptuno,Saturno
00ba307d-7d59-4245-bc5c-f9a7fd7986f9,2.19,0.51,16.84,Neptuno,Tierra,Saturno
f0193b0c-c1b1-42d7-baef-128af87bf930,1.33,0.49,11.08,Neptuno,Tierra,Saturno
04c61fe6-f97a-4a0c-be5a-104b67d5807a,1.66,0.52,12.28,Neptuno,Tierra,Saturno
f87dd236-a4dd-441b-889c-e05580b6314a,2.32,0.44,23.97,Júpiter,Neptuno,Tierra
6d31cd0d-75c1-4478-9d9c-d3e537ebc5a1,1.42,0.45,14.02,Neptuno,Tierra,Saturno
d62dd001-586c-4bf8-844a-b93040248258,1.46,0.61,7.85,Urano,Saturno,Tierra
a8936d50-cfbf-4c79-b29d-594cb03d13d5,2.13,0.6,11.83,Neptuno,Tierra,Saturno
63d67401-25b3-42a0-8628-7a406c64324f,0.85,0.48,7.38,Urano,Saturno,Tierra
6437481d-ae8c-4250-9512-3e3441c8ea3f,1.34,0.7,5.47,Marte,Urano,Saturno
59fa4610-3753-4a5e-8d5a-f06ed1063fa8,1.43,0.48,12.41,Neptuno,Tierra,Saturno
d8ae9df8-72f1-41f2-ada0-aaa13cfabb73,2.02,0.45,19.95,Júpiter,Neptuno,Tierra
79e9fc2a-0733-4e3a-8efc-2159d8815a4b,2.31,0.44,23.86,Júpiter,Neptuno,Tierra
a1500370-8fb8-48cf-84cd-eec6dcf6fb76,2.17,0.41,25.82,Júpiter,Neptuno,Tierra
3e56a841-5014-41c7-8fa2-480f3fa9d666,1.22,0.41,14.52,Neptuno,Tierra,Saturno
9d36735a-b72e-448c-ac4a-89ab028143e3,0.86,0.42,9.75,Tierra,Saturno,Urano
f0b1c7d9-e6d6-4619-a7cd-69d44e9a8fb4,1.02,0.61,5.48,Marte,Urano,Saturno
a34414dd-bd43-4f0e-b231-1170f8aac859,1.87,0.45,18.47,Júpiter,Neptuno,Tierra
498c58fb-0058-4239-b197-2dbd8dbe6741,1.95,0.59,11.2,Neptuno,Tierra,Saturno
3e3ab92f-b4ca-42bd-88b7-5c0e0d900d47,1.18,0.48,10.24,Tierra,Neptuno,Saturno
bacdcce5-a585-4f23-bb4d-276d78b6c9f2,0.83,0.52,6.14,Marte,Urano,Saturno
468a18df-5f94-4a06-a87f-3555ee8271c6,1.04,0.63,5.24,Marte,Urano,Saturno
28010620-96a6-447d-a4de-74e0df4567c3,2.28,0.65,10.79,Neptuno,Tierra,Saturno
bb89d0ac-c8c3-4eec-aef9-063f1905d847,2.07,0.62,10.77,Neptuno,Tierra,Saturno
7533b94c-af04-4238-95a1-627f0ecea235,0.9,0.55,5.95,Marte,Urano,Saturno
6e30247b-0df5-4abf-bec4-d0ff223f63e4,1.59,0.69,6.68,Urano,Saturno,Marte
f15e0853-edde-49fb-ae08-a9787327abc9,1.65,0.48,14.32,Neptuno,Tierra,Saturno
3638b274-3523-4da4-ad29-a32833f3f9ab,1.73,0.59,9.94,Tierra,Saturno,Neptuno
e331fbd7-a501-412c-aab6-393278e9150b,2.44,0.64,11.91,Neptuno,Tierra,Saturno
813ea159-55d2-4dfd-a69c-91f53a64add1,1.21,0.42,13.72,Neptuno,Tierra,Saturno
564dafaa-3d63-419c-9f47-1d25482bab73,1.32,0.42,14.97,Neptuno,Tierra,Saturno
2830cd4a-38e7-4be8-9098-a40d4eefcec5,1.59,0.59,9.14,Saturno,Urano,Tierra
d979dbb7-faf4-487c-b2bd-7898bf43d543,0.98,0.63,4.94,Marte,Urano,Saturno
cd90ef25-3e33-46c4-abfe-973257fa9e25,2.19,0.65,10.37,Tierra,Neptuno,Saturno
f4b9c70a-4787-42a8-8e4d-de55c1f65f91,0.89,0.63,4.48,Marte,Urano,Saturno
85011658-88d3-4f67-a3bc-02b2303538d6,1.36,0.4,17.0,Neptuno,Tierra,Júpiter
783a0439-fa1b-4e1e-be32-5388c3e122e9,1.05,0.66,4.82,Marte,Urano,Saturno
eb212406-51d6-4a87-a339-bafc65ccd8e9,2.46,0.65,11.64,Neptuno,Tierra,Saturno
19d1e067-7524-45b9-bda3-32f672667ee2,2.0,0.55,13.22,Neptuno,Tierra,Saturno
1ef51509-047c-468b-962a-b0df6f9894a0,1.99,0.58,11.83,Neptuno,Tierra,Saturno
0965de21-86b0-49a5-967f-1b3acf7605e0,0.94,0.52,6.95,Urano,Saturno,Tierra
ab363227-a631-41ca-a490-224e2f315d15,1.35,0.65,6.39,Urano,Saturno,Marte
98fca7bd-50df-424e-ba0f-1172d52007d5,1.81,0.44,18.7,Júpiter,Neptuno,Tierra
8b3eff32-1570-4e72-ba25-4de4cf7b9a0e,1.94,0.67,8.64,Urano,Saturno,Tierra
8719492c-0476-4bd6-afea-412eda4d8259,1.93,0.52,14.28,Neptuno,Tierra,Saturno
3866d11b-1d8e-44e9-acd8-1e69c2b34c59,1.45,0.63,7.31,Urano,Saturno,Tierra
4923ef64-658f-48a4-8722-3ec3ff675261,2.16,0.55,14.28,Neptuno,Tierra,Saturno
64b4b135-43fe-4873-96b0-ed6e417d5d4a,1.95,0.61,10.48,Neptuno,Tierra,Saturno
077d3a5a-b976-4d17-ace7-5b79cab59fcf,1.32,0.6,7.33,Urano,Saturno,Tierra
38e84fb8-300f-42ea-952b-f17343f593c4,2.22,0.68,9.6,Tierra,Saturno,Urano
241a4d07-d70f-4409-ac72-dff67671ea29,1.06,0.68,4.58,Marte,Urano,Saturno
b16ed0ee-5e53-4c51-a457-0b33aabfcc69,2.05,0.68,8.87,Saturno,Urano,Tierra
39903a7f-e992-44d0-ad80-18da2ca07891,1.17,0.58,6.96,Urano,Saturno,Tierra
a4318b64-e06a-490d-8a5e-52ab4da10e0c,2.27,0.6,12.61,Neptuno,Tierra,Saturno
36475141-463b-46d6-8577-dc4a866c77c8,1.31,0.5,10.48,Neptuno,Tierra,Saturno
82c380fa-10e0-45b7-af34-6c01a9ced5b4,1.46,0.5,11.68,Neptuno,Tierra,Saturno
40d6ecd3-0fc3-448b-93e2-0ffcd2cdaa54,1.12,0.52,8.28,Urano,Saturno,Tierra
85c312c6-1144-484b-9545-6f790a944a26,1.75,0.54,12.0,Neptuno,Tierra,Saturno
efa44f70-f453-4cf2-9c07-acaa1fec5472,0.81,0.49,6.75,Urano,Saturno,Marte
891f4501-72f2-4117-a4ea-a3d5644b742f,1.96,0.65,9.28,Saturno,Tierra,Urano
2abebdcc-8746-45da-be2a-e1a0a6691086,2.26,0.67,10.07,Tierra,Neptuno,Saturno
1ef36db3-a186-4b0b-a558-117c4e965755,1.59,0.67,7.08,Urano,Saturno,Tierra
951d1044-938e-4998-bcdf-655a6d90ac34,1.67,0.5,13.36,Neptuno,Tierra,Saturno
019fced3-0e90-4ea2-bc6e-de59310ae032,1.78,0.7,7.27,Urano,Saturno,Tierra
dfc6b1d7-d295-483b-8c37-367b26c24507,2.23,0.42,25.28,Júpiter,Neptuno,Tierra
c0f98a1e-860d-47ff-b81e-f62d365c44a9,1.96,0.5,15.68,Neptuno,Tierra,Saturno
cf323507-ca1f-4561-9735-71d92904505d,1.87,0.49,15.58,Neptuno,Tierra,Saturno
3a8d7598-6491-4925-babb-a7c065e6d5b2,2.14,0.42,24.26,Júpiter,Neptuno,Tierra
2223c261-ec7f-4413-ba7a-bdab837b15a1,2.19,0.58,13.02,Neptuno,Tierra,Saturno
21b23c7b-e4d1-4c75-963e-b94860233525,0.85,0.45,8.4,Urano,Saturno,Tierra
ac98daa9-d85a-487f-9541-a3aa4f9d942c,0.97,0.55,6.41,Urano,Saturno,Marte
6c47fff7-3560-48d6-a5fb-9b7dac87b1b1,1.03,0.52,7.62,Urano,Saturno,Tierra
3e32cc8b-38a4-4151-a563-6e9d16e024ee,1.57,0.6,8.72,Urano,Saturno,Tierra
dab0dd10-0bb0-4be9-a741-76cfe9b2985c,2.3,0.6,12.78,Neptuno,Tierra,Saturno
b46e9d5a-517c-4d40-b44c-33852f2a1a41,2.34,0.66,10.74,Neptuno,Tierra,Saturno
14aa411a-04f9-40db-b0a7-1ac4c2e9d8d0,0.82,0.52,6.07,Marte,Urano,Saturno
bd50c1b0-a8c7-4c44-b0c0-53f3d215095d,1.68,0.44,17.36,Neptuno,Júpiter,Tierra
d2a14f15-c079-42c7-8da7-f6337f311fb8,0.96,0.58,5.71,Marte,Urano,Saturno
f9ef4a2c-f287-46b9-9a4e-b826bc8b25b9,2.35,0.45,23.21,Júpiter,Neptuno,Tierra
3e743398-d8d8-4d7b-9bd1-ab49ad7549e2,1.07,0.69,4.49,Marte,Urano,Saturno
44690ef9-aaff-4a35-a547-fb6b8db86c24,0.81,0.57,4.99,Marte,Urano,Saturno
a20deb11-6006-490b-a492-ef33226e1007,0.94,0.62,4.89,Marte,Urano,Saturno
bcfe0f6c-7a31-418a-bc1f-e93c2d5a0115,1.66,0.66,7.62,Urano,Saturno,Tierra
6e39addd-178b-408d-9fa3-9001c4a16698,1.94,0.64,9.47,Tierra,Saturno,Urano
1155cdaa-7802-42df-80fb-3bba3057d365,1.96,0.63,9.88,Tierra,Saturno,Neptuno
74f39a74-6226-46b8-9007-f204f32c5534,0.85,0.68,3.68,Marte,Urano,Saturno
a57bf68c-6f58-4de2-86b6-8c117a97e460,1.13,0.68,4.89,Marte,Urano,Saturno
79065ab7-7a01-47e6-a82d-79b6c2b86541,1.08,0.61,5.8,Marte,Urano,Saturno
2d10581c-ebcd-4826-917a-3c334e6c0042,1.5,0.5,12.0,Neptuno,Tierra,Saturno
f29ef218-d027-4c23-8dc0-3b01634c9829,1.35,0.69,5.67,Marte,Urano,Saturno
3a0263f6-7426-45ae-a983-4f2a91743f66,0.92,0.49,7.66,Urano,Saturno,Tierra
1493001b-4810-4bde-b6b7-ffdc8eaebc6c,1.27,0.62,6.61,Urano,Saturno,Marte
88ee1dce-6d49-44db-9a9c-12625f017330,0.98,0.56,6.25,Urano,Marte,Saturno
eaaf89c1-822f-4956-b23d-8ac223998955,1.96,0.63,9.88,Tierra,Saturno,Neptuno
90745543-10be-46d5-83d5-26d950d3b611,2.31,0.6,12.83,Neptuno,Tierra,Saturno
b6a82521-3349-4978-bee6-fd3bbef48817,1.57,0.64,7.67,Urano,Saturno,Tierra
46925951-a3b1-4717-9e99-2276f8e97786,0.89,0.68,3.85,Marte,Urano,Saturno
7294e2fe-d484-4e2c-bb75-db3e8b376f36,0.95,0.49,7.91,Urano,Saturno,Tierra
c0e2d880-4e76-47ec-9e52-3870bfa79418,1.04,0.41,12.37,Neptuno,Tierra,Saturno
fb07005f-4e00-43a3-ade0-dcd4e59362dd,1.87,0.41,22.25,Júpiter,Neptuno,Tierra
1124d656-12d2-4233-bc6e-4456ac1e6d77,2.44,0.42,27.66,Júpiter,Neptuno,Tierra
e7df389a-50e3-405a-b761-3348f0e4efbf,1.74,0.56,11.1,Neptuno,Tierra,Saturno
053b7076-cb15-43f9-8e47-28b4ee9c9b96,2.45,0.52,18.12,Júpiter,Neptuno,Tierra
21b3bdaf-61a8-4a13-9c5b-bfddf1c006e1,0.87,0.52,6.43,Urano,Saturno,Marte
4b11e00b-97f9-47cc-a376-bd5546d91feb,2.03,0.66,9.32,Saturno,Tierra,Urano
4a022f82-a4e2-424b-92c4-94e07c040e9e,0.92,0.46,8.7,Urano,Saturno,Tierra
3190bb85-6926-418e-b3be-526ffd245eb1,1.23,0.56,7.84,Urano,Saturno,Tierra
dac47d62-8241-4240-a078-f384faee0e2a,1.94,0.67,8.64,Urano,Saturno,Tierra
a51bdb9a-9245-47ff-916b-b0920b6efd34,1.15,0.46,10.87,Neptuno,Tierra,Saturno
511c2c08-958e-4115-a05f-7101a872fc62,2.43,0.66,11.16,Neptuno,Tierra,Saturno
f9105a1d-e058-4279-9fc2-5d7a830b76e7,2.49,0.54,17.08,Neptuno,Tierra,Júpiter
c4a4c6b8-1567-4388-be99-8c1ef2970f13,1.19,0.61,6.4,Urano,Saturno,Marte
b98b95c6-f629-497c-98f7-54cfd9723cd2,0.83,0.44,8.57,Urano,Saturno,Tierra
f94d192c-73b5-4428-8044-674d3d8643a2,1.69,0.6,9.39,Saturno,Tierra,Urano
c9059c78-7776-4c0f-a9fe-a32f0382a12d,2.07,0.53,14.74,Neptuno,Tierra,Saturno
c09c8b0d-6ec2-4624-8bf0-c9a97e91e8bd,1.51,0.43,16.33,Neptuno,Tierra,Saturno
885f0f7a-f2e0-49bd-8ddd-138c96642d64,2.46,0.68,10.64,Neptuno,Tierra,Saturno
462335f6-c495-4da5-9b31-9d6d4b53e44e,2.07,0.65,9.8,Tierra,Saturno,Urano
41ea01a1-1666-4ac9-9c4b-4296a00c9580,0.97,0.62,5.05,Marte,Urano,Saturno
0d12df8f-ed7d-4715-8db0-3e1ed8a9a46f,2.42,0.65,11.46,Neptuno,Tierra,Saturno
4f241750-366a-43b9-b8a5-32bc9fb6e71b,1.64,0.65,7.76,Urano,Saturno,Tierra
92a04155-1c54-48aa-9fa8-8f96e044f87a,1.56,0.63,7.86,Urano,Saturno,Tierra
e4dd7771-be46-42bc-9eb3-078bfb985e1e,2.13,0.47,19.28,Júpiter,Neptuno,Tierra
dbb08751-26c9-49d8-a981-9d2788f470fa,1.24,0.61,6.66,Urano,Saturno,Marte
717d4b4f-639c-46f1-93fc-7574602cec6c,1.01,0.46,9.55,Tierra,Saturno,Urano
0d66ad99-1be2-417c-babe-9761f0406604,1.32,0.44,13.64,Neptuno,Tierra,Saturno
54995653-f7ac-44b5-85cf-febeb2dd3af8,1.2,0.6,6.67,Urano,Saturno,Marte
2c530c22-e0b4-42f9-901f-7250aec7eadb,0.94,0.6,5.22,Marte,Urano,Saturno
2f2cdeaf-5703-4e92-8ff0-70facd35b44b,2.1,0.57,12.93,Neptuno,Tierra,Saturno
2008ebaf-c64f-4e1d-923f-4d0c7ffd0d1c,1.86,0.4,23.25,Júpiter,Neptuno,Tierra
3ccae501-7366-442a-8f4b-edd1e1e19490,1.2,0.64,5.86,Marte,Urano,Saturno
7961bc28-6949-40b4-9cd0-ac93329ecf6b,1.58,0.45,15.6,Neptuno,Tierra,Saturno
4c334a30-7dfe-463d-9aa4-1a83d7979e93,1.88,0.58,11.18,Neptuno,Tierra,Saturno
e9c89d3d-9528-4ad1-9eaf-d95928072289,1.43,0.42,16.21,Neptuno,Tierra,Saturno
c5ee9747-d4c5-4815-b612-2d8db74543a1,1.24,0.56,7.91,Urano,Saturno,Tierra
af931a20-de82-482f-8d14-eb5c4f4055da,1.71,0.6,9.5,Tierra,Saturno,Urano
9604ace5-2eeb-44c7-b977-621655edca86,2.02,0.46,19.09,Júpiter,Neptuno,Tierra
25033757-b293-44b6-aa08-55814d4f2653,1.05,0.54,7.2,Urano,Saturno,Tierra
f34f0d73-00f0-4892-9db8-dbf6de6cb37d,1.34,0.68,5.8,Marte,Urano,Saturno
53cfccc4-ae2e-4377-8f3b-fa7ddb8e2ec7,1.48,0.66,6.8,Urano,Saturno,Tierra
27901d15-f8ef-4731-8eac-07db7ca55088,2.01,0.45,19.85,Júpiter,Neptuno,Tierra
ebfc0374-0347-4551-8f93-3d062b0d6dad,1.36,0.59,7.81,Urano,Saturno,Tierra
d4d36c14-a105-401f-aaba-57f41553b4dd,1.82,0.5,14.56,Neptuno,Tierra,Saturno
f89448c4-aab4-4be4-8e80-b2896dd07647,1.29,0.66,5.92,Marte,Urano,Saturno
37d15ca2-c995-4ee2-8310-39465c73ac56,0.81,0.43,8.76,Urano,Saturno,Tierra
fd848d79-f96a-4666-a657-684d737e70fe,0.84,0.63,4.23,Marte,Urano,Saturno
7a0eed02-362c-4fd9-b023-6ac507470524,1.86,0.57,11.45,Neptuno,Tierra,Saturno
a1a26a8f-832a-48a4-a849-7abfc433815d,0.92,0.68,3.98,Marte,Urano,Saturno
b8e6fdb6-3d72-4389-810c-68d5dd93216f,1.78,0.57,10.96,Neptuno,Tierra,Saturno
dbddbb9c-5618-44fc-9694-f9ebd08cfff0,1.32,0.65,6.25,Urano,Marte,Saturno
4ea62008-2c26-4d03-a29c-f4b8c4943142,2.16,0.55,14.28,Neptuno,Tierra,Saturno
59e3733c-376a-4060-8bcf-bbe65197fba7,1.1,0.55,7.27,Urano,Saturno,Tierra
6c887ebf-4dba-4228-a817-e58d95d7f54b,1.24,0.55,8.2,Urano,Saturno,Tierra
96e307df-101e-4cf4-a450-f8183ac67861,2.24,0.56,14.29,Neptuno,Tierra,Saturno
41778467-09f1-4b68-a7ac-13c7afa18183,1.07,0.64,5.22,Marte,Urano,Saturno
3c1fd35c-70c8-4452-866d-8fb1d649b51b,1.83,0.55,12.1,Neptuno,Tierra,Saturno
39e1dd1b-52b2-4800-ae17-7f141e8e9c95,0.94,0.5,7.52,Urano,Saturno,Tierra
97bf8937-693a-41f1-b5a7-84ee3b4432c4,1.07,0.69,4.49,Marte,Urano,Saturno
fe3512bb-389b-4c4e-b347-3d2e6a1f4b06,2.36,0.55,15.6,Neptuno,Tierra,Saturno
62dd861c-cfbf-487c-99d3-e4a83bcd6f78,1.41,0.49,11.75,Neptuno,Tierra,Saturno
ef55302c-6a38-4450-8ac5-ef5ee169d528,2.24,0.55,14.81,Neptuno,Tierra,Saturno
ebb58353-5d36-4bab-933b-ca78706f2e1b,2.13,0.53,15.17,Neptuno,Tierra,Saturno
124c8e06-f5cb-477c-b08e-59614f0bf702,2.37,0.55,15.67,Neptuno,Tierra,Saturno
3e937e1e-dd44-4e0a-b22e-d5078480ad95,2.1,0.48,18.23,Júpiter,Neptuno,Tierra
1536638d-4117-45a5-b61b-e3b08f06953e,2.07,0.56,13.2,Neptuno,Tierra,Saturno
c1c46ef2-229c-46f3-9fca-81ec02fb2087,2.49,0.49,20.74,Júpiter,Neptuno,Tierra
48c72f72-88af-4e9a-a1d7-b746d3d18537,1.54,0.53,10.96,Neptuno,Tierra,Saturno
4c95ae66-9f16-47fc-b95b-b31ed21246aa,1.09,0.7,4.45,Marte,Urano,Saturno
4474983f-06fb-464e-b739-a1647c9ea46c,1.39,0.4,17.37,Neptuno,Júpiter,Tierra
4659d093-5220-43be-96c7-9497e886e269,1.09,0.49,9.08,Saturno,Urano,Tierra
401db5e2-c1f3-41e9-8640-a67d12f9ca98,0.87,0.57,5.36,Marte,Urano,Saturno
20a560f0-a8cc-4e88-9a02-2231cac833b7,2.07,0.4,25.87,Júpiter,Neptuno,Tierra
44428b5d-e14c-468a-9c95-712ebb5f4451,1.12,0.5,8.96,Saturno,Urano,Tierra
9d55fa58-42f6-42d6-8713-0c278cfac83b,1.88,0.68,8.13,Urano,Saturno,Tierra
21969a37-63c3-4dc2-93c8-a8a525d9bb72,2.17,0.61,11.66,Neptuno,Tierra,Saturno
482fbe61-c07f-42d4-ace0-2a6f84dac363,2.47,0.5,19.76,Júpiter,Neptuno,Tierra
c9b31b60-af9e-46ce-b0f7-5bd641fe211b,2.01,0.47,18.2,Júpiter,Neptuno,Tierra
f42d84a0-86fe-4cd8-8f6d-de805558f6e6,2.13,0.62,11.08,Neptuno,Tierra,Saturno
1ff65ccf-ff35-4169-8035-e7115530ce1b,1.63,0.68,7.05,Urano,Saturno,Tierra
60427b94-d3fd-4157-ae07-a08b00e5ce9e,1.64,0.6,9.11,Saturno,Urano,Tierra
44f9282c-ad89-48df-a8c2-ffafc58bbd27,2.11,0.61,11.34,Neptuno,Tierra,Saturno
227bc90a-0f9d-4385-b58b-aa5c6fe56455,1.55,0.48,13.45,Neptuno,Tierra,Saturno
cbc9abd6-16df-453c-b18c-23a1ae7922e4,2.31,0.44,23.86,Júpiter,Neptuno,Tierra
5f3aea35-7fd3-4ffc-9e2b-4aeba8a6cc1c,0.97,0.4,12.12,Neptuno,Tierra,Saturno
9ab07547-1038-433c-86a8-730139a10430,2.49,0.53,17.73,Neptuno,Júpiter,Tierra
bf569dca-0e56-43fa-a378-bf88c247e677,1.29,0.55,8.53,Urano,Saturno,Tierra
af69340d-6c8f-4c9b-bfea-235f29b426dd,1.23,0.59,7.07,Urano,Saturno,Tierra
70e9267f-10a3-4c38-b02e-5f1992e06f27,0.93,0.57,5.72,Marte,Urano,Saturno
94ac9f70-a5cf-45b7-abac-b664005cf122,1.48,0.65,7.01,Urano,Saturno,Tierra
45c8a245-f1d9-4b2a-a2ea-1815e6d81a3a,1.23,0.48,10.68,Neptuno,Tierra,Saturno
7b3bfe13-f238-4a9a-bedc-4c815755910d,1.7,0.54,11.66,Neptuno,Tierra,Saturno
bea4c4eb-6a6a-432a-9bed-24ffa2db18d1,1.01,0.53,7.19,Urano,Saturno,Tierra
174fde63-d659-4489-88a4-dca3bf092d90,2.24,0.5,17.92,Júpiter,Neptuno,Tierra
34b835d3-39e7-49fa-ac59-2adb248790f3,1.6,0.68,6.92,Urano,Saturno,Tierra
fc547899-a387-413f-9637-7de7c0268445,0.91,0.54,6.24,Urano,Marte,Saturno
a2a806d0-bf08-4a38-b5c3-5b14828f1698,1.91,0.58,11.36,Neptuno,Tierra,Saturno
2601f90d-dc43-4d1b-ab6c-4e63a4af7e8a,2.25,0.58,13.38,Neptuno,Tierra,Saturno
dcb84c4e-6ff9-4bfa-9c03-cee06639bd82,0.87,0.51,6.69,Urano,Saturno,Marte
e9effe53-84d2-48fe-a98c-409f7aad2eb8,2.03,0.52,15.01,Neptuno,Tierra,Saturno
00ae87fd-4644-4e46-97f6-59b4b3367c28,2.19,0.62,11.39,Neptuno,Tierra,Saturno
800aed3b-3b7a-44ca-bd7d-8bb3d045781b,2.43,0.52,17.97,Júpiter,Neptuno,Tierra
4ff47049-4d18-4d11-811d-00ccaa214c65,1.39,0.47,12.58,Neptuno,Tierra,Saturno
bd613d2e-db39-4609-be4c-ee8c69143cd8,1.11,0.56,7.08,Urano,Saturno,Tierra
7994f54c-f9e5-48bd-becf-2deedc391d22,2.03,0.57,12.5,Neptuno,Tierra,Saturno
0c55b8c2-ca37-4ce8-8ffe-27fda53d0c8b,0.9,0.57,5.54,Marte,Urano,Saturno
ef3693cd-d2fa-4770-9078-7ab6c6a2422b,2.31,0.54,15.84,Neptuno,Tierra,Saturno
2c951ce8-21cf-4211-adc0-8f26dd6db9e0,2.22,0.7,9.06,Saturno,Urano,Tierra
6cf38162-ca8e-4218-b4bc-578751e985bf,1.19,0.54,8.16,Urano,Saturno,Tierra
6093cae1-72e0-4278-8824-8de9f2e42db8,1.36,0.69,5.71,Marte,Urano,Saturno
76bc7496-79b8-42c7-916a-005753321b13,2.2,0.61,11.82,Neptuno,Tierra,Saturno
0f9587ad-eff9-46b8-9687-bafe389ba128,1.44,0.5,11.52,Neptuno,Tierra,Saturno
75644b63-af69-4a0c-9a5f-dbcde2889521,1.73,0.41,20.58,Júpiter,Neptuno,Tierra
652173b6-7628-436b-98ed-e926dc1fe5af,2.26,0.59,12.98,Neptuno,Tierra,Saturno
7a159e5d-11f5-4345-916e-ca7a6fa7d26c,1.93,0.54,13.24,Neptuno,Tierra,Saturno
4c2a4c1c-a851-48c0-afd2-b13850f1dde7,1.05,0.61,5.64,Marte,Urano,Saturno
56feadba-4d6b-4c4f-a900-be3d29f97736,1.33,0.59,7.64,Urano,Saturno,Tierra
b1190a05-6ae5-422a-90ec-0d6d42a340a8,1.95,0.53,13.88,Neptuno,Tierra,Saturno
e68b040a-d670-4feb-9a3b-d9656c2bfa70,1.91,0.5,15.28,Neptuno,Tierra,Saturno
faaf651a-b6f4-4b0b-a737-8f563648ba1b,2.21,0.47,20.01,Júpiter,Neptuno,Tierra
c61e96a9-9404-45ce-ab7f-8a9b13d6b4df,1.51,0.62,7.86,Urano,Saturno,Tierra
f37fe33f-b806-4061-a171-eac89bf0384b,1.41,0.58,8.38,Urano,Saturno,Tierra
39f9d300-6e68-484a-8014-2bdbe9794db4,1.28,0.62,6.66,Urano,Saturno,Marte
f8f0f95a-3bb5-43cb-80fd-1151234d09c7,2.24,0.6,12.44,Neptuno,Tierra,Saturno
a27abdcf-ecc7-472f-8048-e9aa2efefcf2,1.94,0.43,20.98,Júpiter,Neptuno,Tierra
e2147c18-ad81-4e5e-988a-389dd8dbbfa4,2.46,0.65,11.64,Neptuno,Tierra,Saturno
f508762f-26ef-4a1b-8ea3-4eb8d67213dc,1.35,0.53,9.61,Tierra,Saturno,Urano
d42c1265-bd44-4753-9a00-238b953b4b95,2.3,0.68,9.95,Tierra,Saturno,Neptuno
4d62823f-a5ff-4769-ae2a-6958c84d6c3f,1.66,0.53,11.82,Neptuno,Tierra,Saturno
47222656-31ca-41a1-a70f-d38de49d027d,1.94,0.48,16.84,Neptuno,Tierra,Saturno
ee8798a1-411d-42d4-939f-a7fc95ed6c76,1.71,0.63,8.62,Urano,Saturno,Tierra
c0d76e84-16da-40db-a9a8-cc07a5ddcb16,1.27,0.65,6.01,Marte,Urano,Saturno
98e62e80-395f-421d-bb21-6701973a0baf,0.82,0.59,4.71,Marte,Urano,Saturno
366ba1c4-fb13-4995-8da1-bfd925fa6f08,2.33,0.57,14.34,Neptuno,Tierra,Saturno
656cae2f-3443-41cb-a421-d44468d8ebf0,1.33,0.58,7.91,Urano,Saturno,Tierra
2160bad9-0f1f-4587-9ebc-0e8dcacd8df2,1.67,0.48,14.5,Neptuno,Tierra,Saturno
02fc6c74-2440-4829-9df5-f07683d25476,1.08,0.58,6.42,Urano,Saturno,Marte
a99c5a25-e91c-4ef2-8872-e771c8c799ef,1.33,0.53,9.47,Tierra,Saturno,Urano
5c0d8807-0a2c-4b99-b962-6de016f973a3,2.01,0.55,13.29,Neptuno,Tierra,Saturno
90923fcf-e9d0-4f09-af71-80f469ff9fd5,2.26,0.51,17.38,Neptuno,Júpiter,Tierra
da336301-403e-438b-904c-42a6a9d58e03,2.25,0.6,12.5,Neptuno,Tierra,Saturno
99df9059-aecf-4f77-a982-e48ea3724436,1.81,0.55,11.97,Neptuno,Tierra,Saturno
8708ce4f-23f6-4dfb-ab9d-1e8dc19d75c7,1.94,0.61,10.43,Neptuno,Tierra,Saturno
e3916763-68ba-4611-8358-63eabbb48a65,2.08,0.58,12.37,Neptuno,Tierra,Saturno
a165eb23-e490-4c41-9443-cad261c9e849,1.92,0.7,7.84,Urano,Saturno,Tierra
bba6a321-1b7d-4136-82c7-c9c2729f878a,1.61,0.44,16.63,Neptuno,Tierra,Saturno
23ab9f72-10ab-41a7-b8a9-2b322ac57b0f,1.4,0.65,6.63,Urano,Saturno,Marte
